photo_id,filename,permalink,credit,photo_url,downloaded
img01,pt1/img01.jpg,https://theatlantic.com/photo/2014/04/world-war-i-in-photos-the-western-front-part-i/507197/#img01,James Francis Hurley / State Library of New South Wales,https://cdn.theatlantic.com/assets/media/img/photo/2016/11/world-war-i-in-photos-the-western-f/w_01/main_1500.jpg?1478729903,True
img02,pt1/img02.jpg,https://theatlantic.com/photo/2014/04/world-war-i-in-photos-the-western-front-part-i/507197/#img02,AP,https://cdn.theatlantic.com/assets/media/img/photo/2016/11/world-war-i-in-photos-the-western-f/w_02/main_1500.jpg?1478729903,True
img03,pt1/img03.jpg,https://theatlantic.com/photo/2014/04/world-war-i-in-photos-the-western-front-part-i/507197/#img03,Library of Congress,https://cdn.theatlantic.com/assets/media/img/photo/2016/11/world-war-i-in-photos-the-western-f/w_03/main_1500.jpg?1478729903,True
img04,pt1/img04.jpg,https://theatlantic.com/photo/2014/04/world-war-i-in-photos-the-western-front-part-i/507197/#img04,Nationaal Archief,https://cdn.theatlantic.com/assets/media/img/photo/2016/11/world-war-i-in-photos-the-western-f/w_04/main_1500.jpg?1478729903,True
img05,pt1/img05.jpg,https://theatlantic.com/photo/2014/04/world-war-i-in-photos-the-western-front-part-i/507197/#img05,AP,https://cdn.theatlantic.com/assets/media/img/photo/2016/11/world-war-i-in-photos-the-western-f/w_05/main_1500.jpg?1478729903,True
img06,pt1/img06.jpg,https://theatlantic.com/photo/2014/04/world-war-i-in-photos-the-western-front-part-i/507197/#img06,Agence de presse Meurisse,https://cdn.theatlantic.com/assets/media/img/photo/2016/11/world-war-i-in-photos-the-western-f/w_06/main_1500.jpg?1478729903,True
img07,pt1/img07.jpg,https://theatlantic.com/photo/2014/04/world-war-i-in-photos-the-western-front-part-i/507197/#img07,National Library of Scotland,https://cdn.theatlantic.com/assets/media/img/photo/2016/11/world-war-i-in-photos-the-western-f/w_07/main_1500.jpg?1478729903,True
img08,pt1/img08.jpg,https://theatlantic.com/photo/2014/04/world-war-i-in-photos-the-western-front-part-i/507197/#img08,Library of Congress,https://cdn.theatlantic.com/assets/media/img/photo/2016/11/world-war-i-in-photos-the-western-f/w_08/main_1500.jpg?1478729903,True
img09,pt1/img09.jpg,https://theatlantic.com/photo/2014/04/world-war-i-in-photos-the-western-front-part-i/507197/#img09,Bibliotheque nationale de France,https://cdn.theatlantic.com/assets/media/img/photo/2016/11/world-war-i-in-photos-the-western-f/w_09/main_1500.jpg?1478729903,True
img10,pt1/img10.jpg,https://theatlantic.com/photo/2014/04/world-war-i-in-photos-the-western-front-part-i/507197/#img10,"CC BY-SA

                    Benjamin Hirschfeld",https://cdn.theatlantic.com/assets/media/img/photo/2016/11/world-war-i-in-photos-the-western-f/w_10/main_1500.jpg?1478729903,True
img11,pt1/img11.jpg,https://theatlantic.com/photo/2014/04/world-war-i-in-photos-the-western-front-part-i/507197/#img11,Underwood & Underwood,https://cdn.theatlantic.com/assets/media/img/photo/2016/11/world-war-i-in-photos-the-western-f/w_11/main_1500.jpg?1478729903,True
img12,pt1/img12.jpg,https://theatlantic.com/photo/2014/04/world-war-i-in-photos-the-western-front-part-i/507197/#img12,National Library of Scotland,https://cdn.theatlantic.com/assets/media/img/photo/2016/11/world-war-i-in-photos-the-western-f/w_12/main_1500.jpg?1478729903,True
img13,pt1/img13.jpg,https://theatlantic.com/photo/2014/04/world-war-i-in-photos-the-western-front-part-i/507197/#img13,Henry Armytage Sanders / National Library of New Zealand,https://cdn.theatlantic.com/assets/media/img/photo/2016/11/world-war-i-in-photos-the-western-f/w_13/main_1500.jpg?1478729903,True
img14,pt1/img14.jpg,https://theatlantic.com/photo/2014/04/world-war-i-in-photos-the-western-front-part-i/507197/#img14,National Library of Scotland,https://cdn.theatlantic.com/assets/media/img/photo/2016/11/world-war-i-in-photos-the-western-f/w_14/main_1500.jpg?1478729903,True
img15,pt1/img15.jpg,https://theatlantic.com/photo/2014/04/world-war-i-in-photos-the-western-front-part-i/507197/#img15,National Library of Scotland,https://cdn.theatlantic.com/assets/media/img/photo/2016/11/world-war-i-in-photos-the-western-f/w_15/main_1500.jpg?1478729903,True
img16,pt1/img16.jpg,https://theatlantic.com/photo/2014/04/world-war-i-in-photos-the-western-front-part-i/507197/#img16,National Library of Scotland,https://cdn.theatlantic.com/assets/media/img/photo/2016/11/world-war-i-in-photos-the-western-f/w_16/main_1500.jpg?1478729903,True
img17,pt1/img17.jpg,https://theatlantic.com/photo/2014/04/world-war-i-in-photos-the-western-front-part-i/507197/#img17,Library of Congress,https://cdn.theatlantic.com/assets/media/img/photo/2016/11/world-war-i-in-photos-the-western-f/w_17/main_1500.jpg?1478729903,True
img18,pt1/img18.jpg,https://theatlantic.com/photo/2014/04/world-war-i-in-photos-the-western-front-part-i/507197/#img18,National Library of Scotland,https://cdn.theatlantic.com/assets/media/img/photo/2016/11/world-war-i-in-photos-the-western-f/w_18/main_1500.jpg?1478729903,True
img19,pt1/img19.jpg,https://theatlantic.com/photo/2014/04/world-war-i-in-photos-the-western-front-part-i/507197/#img19,National Library of Scotland,https://cdn.theatlantic.com/assets/media/img/photo/2016/11/world-war-i-in-photos-the-western-f/w_19/main_1500.jpg?1478729903,True
img20,pt1/img20.jpg,https://theatlantic.com/photo/2014/04/world-war-i-in-photos-the-western-front-part-i/507197/#img20,Library of Congress,https://cdn.theatlantic.com/assets/media/img/photo/2016/11/world-war-i-in-photos-the-western-f/w_20/main_1500.jpg?1478729903,True
img21,pt1/img21.jpg,https://theatlantic.com/photo/2014/04/world-war-i-in-photos-the-western-front-part-i/507197/#img21,James Francis Hurley / State Library of New South Wales,https://cdn.theatlantic.com/assets/media/img/photo/2016/11/world-war-i-in-photos-the-western-f/w_21/main_1500.jpg?1478729903,True
img22,pt1/img22.jpg,https://theatlantic.com/photo/2014/04/world-war-i-in-photos-the-western-front-part-i/507197/#img22,Tom Aitken / National Library of Scotland,https://cdn.theatlantic.com/assets/media/img/photo/2016/11/world-war-i-in-photos-the-western-f/w_22/main_1500.jpg?1478729903,True
img23,pt1/img23.jpg,https://theatlantic.com/photo/2014/04/world-war-i-in-photos-the-western-front-part-i/507197/#img23,Bibliotheque nationale de France Francois-Mitterrand,https://cdn.theatlantic.com/assets/media/img/photo/2016/11/world-war-i-in-photos-the-western-f/w_23/main_1500.jpg?1478729903,True
img24,pt1/img24.jpg,https://theatlantic.com/photo/2014/04/world-war-i-in-photos-the-western-front-part-i/507197/#img24,Bibliotheque nationale de France,https://cdn.theatlantic.com/assets/media/img/photo/2016/11/world-war-i-in-photos-the-western-f/w_24/main_1500.jpg?1478729904,True
img25,pt1/img25.jpg,https://theatlantic.com/photo/2014/04/world-war-i-in-photos-the-western-front-part-i/507197/#img25,Netherlands Nationaal Archief,https://cdn.theatlantic.com/assets/media/img/photo/2016/11/world-war-i-in-photos-the-western-f/w_25/main_1500.jpg?1478729904,True
img26,pt1/img26.jpg,https://theatlantic.com/photo/2014/04/world-war-i-in-photos-the-western-front-part-i/507197/#img26,Deutsches Bundesarchiv,https://cdn.theatlantic.com/assets/media/img/photo/2016/11/world-war-i-in-photos-the-western-f/w_26/main_1500.jpg?1478729904,True
img27,pt1/img27.jpg,https://theatlantic.com/photo/2014/04/world-war-i-in-photos-the-western-front-part-i/507197/#img27,NARA / U.S. War Dept.,https://cdn.theatlantic.com/assets/media/img/photo/2016/11/world-war-i-in-photos-the-western-f/w_27/main_1500.jpg?1478729904,True
img28,pt1/img28.jpg,https://theatlantic.com/photo/2014/04/world-war-i-in-photos-the-western-front-part-i/507197/#img28,Bibliotheque nationale de France,https://cdn.theatlantic.com/assets/media/img/photo/2016/11/world-war-i-in-photos-the-western-f/w_28/main_1500.jpg?1478729904,True
img29,pt1/img29.jpg,https://theatlantic.com/photo/2014/04/world-war-i-in-photos-the-western-front-part-i/507197/#img29,San Diego Air and Space Museum,https://cdn.theatlantic.com/assets/media/img/photo/2016/11/world-war-i-in-photos-the-western-f/w_29/main_1500.jpg?1478729904,True
img30,pt1/img30.jpg,https://theatlantic.com/photo/2014/04/world-war-i-in-photos-the-western-front-part-i/507197/#img30,Nationaal Archief,https://cdn.theatlantic.com/assets/media/img/photo/2016/11/world-war-i-in-photos-the-western-f/w_30/main_1500.jpg?1478729904,True
img31,pt1/img31.jpg,https://theatlantic.com/photo/2014/04/world-war-i-in-photos-the-western-front-part-i/507197/#img31,"CC BY
                
                
                
                Wellcome Library, London",https://cdn.theatlantic.com/assets/media/img/photo/2016/11/world-war-i-in-photos-the-western-f/w_31/main_1500.jpg?1478729904,True
img32,pt1/img32.jpg,https://theatlantic.com/photo/2014/04/world-war-i-in-photos-the-western-front-part-i/507197/#img32,National Archives,https://cdn.theatlantic.com/assets/media/img/photo/2016/11/world-war-i-in-photos-the-western-f/w_32/main_1500.jpg?1478729904,True
img33,pt1/img33.jpg,https://theatlantic.com/photo/2014/04/world-war-i-in-photos-the-western-front-part-i/507197/#img33,Bibliotheque nationale de France,https://cdn.theatlantic.com/assets/media/img/photo/2016/11/world-war-i-in-photos-the-western-f/w_33/main_1500.jpg?1478729904,True
img34,pt1/img34.jpg,https://theatlantic.com/photo/2014/04/world-war-i-in-photos-the-western-front-part-i/507197/#img34,"CC BY
                
                
                
                Otis Historical Archives",https://cdn.theatlantic.com/assets/media/img/photo/2016/11/world-war-i-in-photos-the-western-f/w_34/main_1500.jpg?1478729904,True
img35,pt1/img35.jpg,https://theatlantic.com/photo/2014/04/world-war-i-in-photos-the-western-front-part-i/507197/#img35,Bibliotheque nationale de France,https://cdn.theatlantic.com/assets/media/img/photo/2016/11/world-war-i-in-photos-the-western-f/w_35/main_1500.jpg?1478729904,True
img36,pt1/img36.jpg,https://theatlantic.com/photo/2014/04/world-war-i-in-photos-the-western-front-part-i/507197/#img36,Bibliotheque nationale de France,https://cdn.theatlantic.com/assets/media/img/photo/2016/11/world-war-i-in-photos-the-western-f/w_36/main_1500.jpg?1478729904,True
img37,pt1/img37.jpg,https://theatlantic.com/photo/2014/04/world-war-i-in-photos-the-western-front-part-i/507197/#img37,Australian official photographs / State Library of New South Wales,https://cdn.theatlantic.com/assets/media/img/photo/2016/11/world-war-i-in-photos-the-western-f/w_37/main_1500.jpg?1478729904,True
img38,pt1/img38.jpg,https://theatlantic.com/photo/2014/04/world-war-i-in-photos-the-western-front-part-i/507197/#img38,Bibliotheque nationale de France,https://cdn.theatlantic.com/assets/media/img/photo/2016/11/world-war-i-in-photos-the-western-f/w_38/main_1500.jpg?1478729904,True
img39,pt1/img39.jpg,https://theatlantic.com/photo/2014/04/world-war-i-in-photos-the-western-front-part-i/507197/#img39,National Library of Scotland,https://cdn.theatlantic.com/assets/media/img/photo/2016/11/world-war-i-in-photos-the-western-f/w_39/main_1500.jpg?1478729904,True
img40,pt1/img40.jpg,https://theatlantic.com/photo/2014/04/world-war-i-in-photos-the-western-front-part-i/507197/#img40,"CC BY
                
                
                
                Wellcome Library, London",https://cdn.theatlantic.com/assets/media/img/photo/2016/11/world-war-i-in-photos-the-western-f/w_40/main_1500.jpg?1478729904,True
img41,pt1/img41.jpg,https://theatlantic.com/photo/2014/04/world-war-i-in-photos-the-western-front-part-i/507197/#img41,Bibliotheque nationale de France,https://cdn.theatlantic.com/assets/media/img/photo/2016/11/world-war-i-in-photos-the-western-f/w_41/main_1500.jpg?1478729904,True
img43,pt1/img43.jpg,https://theatlantic.com/photo/2014/04/world-war-i-in-photos-the-western-front-part-i/507197/#img43,Der Weltkrieg im Bild / Upper Austrian Federal State Library,https://cdn.theatlantic.com/assets/media/img/photo/2016/11/world-war-i-in-photos-the-western-f/w_43/main_1500.jpg?1478729904,True
img44,pt1/img44.jpg,https://theatlantic.com/photo/2014/04/world-war-i-in-photos-the-western-front-part-i/507197/#img44,Captain G. Wilkins / State Library of Victoria,https://cdn.theatlantic.com/assets/media/img/photo/2016/11/world-war-i-in-photos-the-western-f/w_44/main_1500.jpg?1478729904,True
img45,pt1/img45.jpg,https://theatlantic.com/photo/2014/04/world-war-i-in-photos-the-western-front-part-i/507197/#img45,National Library of Scotland,https://cdn.theatlantic.com/assets/media/img/photo/2016/11/world-war-i-in-photos-the-western-f/w_45/main_1500.jpg?1478729904,True
img01,pt2/img01.jpg,https://theatlantic.com/photo/2014/04/world-war-i-in-photos-technology/507305/#img01,National Archives,https://cdn.theatlantic.com/assets/media/img/photo/2016/11/world-war-i-in-photos-technology/w_01/main_1500.jpg?1478808928,True
img02,pt2/img02.jpg,https://theatlantic.com/photo/2014/04/world-war-i-in-photos-technology/507305/#img02,Library of Congress,https://cdn.theatlantic.com/assets/media/img/photo/2016/11/world-war-i-in-photos-technology/w_02/main_1500.jpg?1478808928,True
img03,pt2/img03.jpg,https://theatlantic.com/photo/2014/04/world-war-i-in-photos-technology/507305/#img03,"Southern Methodist University, Central University Libraries, DeGolyer Library",https://cdn.theatlantic.com/assets/media/img/photo/2016/11/world-war-i-in-photos-technology/w_03/main_1500.jpg?1478808928,True
img04,pt2/img04.jpg,https://theatlantic.com/photo/2014/04/world-war-i-in-photos-technology/507305/#img04,National Archive/Official German Photograph of WWI,https://cdn.theatlantic.com/assets/media/img/photo/2016/11/world-war-i-in-photos-technology/w_04/main_1500.jpg?1478808928,True
img05,pt2/img05.jpg,https://theatlantic.com/photo/2014/04/world-war-i-in-photos-technology/507305/#img05,National Library of Scotland,https://cdn.theatlantic.com/assets/media/img/photo/2016/11/world-war-i-in-photos-technology/w_05/main_1500.jpg?1478808928,True
img06,pt2/img06.jpg,https://theatlantic.com/photo/2014/04/world-war-i-in-photos-technology/507305/#img06,San Diego Air and Space Museum,https://cdn.theatlantic.com/assets/media/img/photo/2016/11/world-war-i-in-photos-technology/w_06/main_1500.jpg?1478808928,True
img07,pt2/img07.jpg,https://theatlantic.com/photo/2014/04/world-war-i-in-photos-technology/507305/#img07,National Library of New Zealand,https://cdn.theatlantic.com/assets/media/img/photo/2016/11/world-war-i-in-photos-technology/w_07/main_1500.jpg?1478808928,True
img08,pt2/img08.jpg,https://theatlantic.com/photo/2014/04/world-war-i-in-photos-technology/507305/#img08,National Archive / Official German Photograph of WWI,https://cdn.theatlantic.com/assets/media/img/photo/2016/11/world-war-i-in-photos-technology/w_08/main_1500.jpg?1478808928,True
img09,pt2/img09.jpg,https://theatlantic.com/photo/2014/04/world-war-i-in-photos-technology/507305/#img09,Brett Butterworth,https://cdn.theatlantic.com/assets/media/img/photo/2016/11/world-war-i-in-photos-technology/w_09/main_1500.jpg?1478808928,True
img10,pt2/img10.jpg,https://theatlantic.com/photo/2014/04/world-war-i-in-photos-technology/507305/#img10,Australian official photographs / State Library of New South Wales,https://cdn.theatlantic.com/assets/media/img/photo/2016/11/world-war-i-in-photos-technology/w_10/main_1500.jpg?1478808928,True
img11,pt2/img11.jpg,https://theatlantic.com/photo/2014/04/world-war-i-in-photos-technology/507305/#img11,Library of Congress,https://cdn.theatlantic.com/assets/media/img/photo/2016/11/world-war-i-in-photos-technology/w_11/main_1500.jpg?1478808928,True
img12,pt2/img12.jpg,https://theatlantic.com/photo/2014/04/world-war-i-in-photos-technology/507305/#img12,Library of Congress,https://cdn.theatlantic.com/assets/media/img/photo/2016/11/world-war-i-in-photos-technology/w_12/main_1500.jpg?1478808928,True
img13,pt2/img13.jpg,https://theatlantic.com/photo/2014/04/world-war-i-in-photos-technology/507305/#img13,Library of Congress,https://cdn.theatlantic.com/assets/media/img/photo/2016/11/world-war-i-in-photos-technology/w_13/main_1500.jpg?1478808928,True
img14,pt2/img14.jpg,https://theatlantic.com/photo/2014/04/world-war-i-in-photos-technology/507305/#img14,San Diego Air and Space Museum Archive,https://cdn.theatlantic.com/assets/media/img/photo/2016/11/world-war-i-in-photos-technology/w_14/main_1500.jpg?1478808928,True
img15,pt2/img15.jpg,https://theatlantic.com/photo/2014/04/world-war-i-in-photos-technology/507305/#img15,National Archives,https://cdn.theatlantic.com/assets/media/img/photo/2016/11/world-war-i-in-photos-technology/w_15/main_1500.jpg?1478808928,True
img16,pt2/img16.jpg,https://theatlantic.com/photo/2014/04/world-war-i-in-photos-technology/507305/#img16,National Archives / Official German Photograph,https://cdn.theatlantic.com/assets/media/img/photo/2016/11/world-war-i-in-photos-technology/w_16/main_1500.jpg?1478808928,True
img17,pt2/img17.jpg,https://theatlantic.com/photo/2014/04/world-war-i-in-photos-technology/507305/#img17,U.S. Army Signal Corps / Brett Butterworth,https://cdn.theatlantic.com/assets/media/img/photo/2016/11/world-war-i-in-photos-technology/w_17/main_1500.jpg?1478808928,True
img18,pt2/img18.jpg,https://theatlantic.com/photo/2014/04/world-war-i-in-photos-technology/507305/#img18,U.S. Army Signal Corps / Library of Congress,https://cdn.theatlantic.com/assets/media/img/photo/2016/11/world-war-i-in-photos-technology/w_18/main_1500.jpg?1478808928,True
img19,pt2/img19.jpg,https://theatlantic.com/photo/2014/04/world-war-i-in-photos-technology/507305/#img19,Der Weltkrieg im Bild / Upper Austrian Federal State Library,https://cdn.theatlantic.com/assets/media/img/photo/2016/11/world-war-i-in-photos-technology/w_19/main_1500.jpg?1478808928,True
img20,pt2/img20.jpg,https://theatlantic.com/photo/2014/04/world-war-i-in-photos-technology/507305/#img20,James Francis Hurley / State Library of New South Wales,https://cdn.theatlantic.com/assets/media/img/photo/2016/11/world-war-i-in-photos-technology/w_20/main_1500.jpg?1478808928,True
img21,pt2/img21.jpg,https://theatlantic.com/photo/2014/04/world-war-i-in-photos-technology/507305/#img21,Deutsches Bundesarchiv,https://cdn.theatlantic.com/assets/media/img/photo/2016/11/world-war-i-in-photos-technology/w_21/main_1500.jpg?1478808928,True
img22,pt2/img22.jpg,https://theatlantic.com/photo/2014/04/world-war-i-in-photos-technology/507305/#img22,Bibliotheque nationale de France,https://cdn.theatlantic.com/assets/media/img/photo/2016/11/world-war-i-in-photos-technology/w_22/main_1500.jpg?1478808928,True
img23,pt2/img23.jpg,https://theatlantic.com/photo/2014/04/world-war-i-in-photos-technology/507305/#img23,U.S. Army,https://cdn.theatlantic.com/assets/media/img/photo/2016/11/world-war-i-in-photos-technology/w_23/main_1500.jpg?1478808928,True
img24,pt2/img24.jpg,https://theatlantic.com/photo/2014/04/world-war-i-in-photos-technology/507305/#img24,NARA,https://cdn.theatlantic.com/assets/media/img/photo/2016/11/world-war-i-in-photos-technology/w_24/main_1500.jpg?1478808928,True
img25,pt2/img25.jpg,https://theatlantic.com/photo/2014/04/world-war-i-in-photos-technology/507305/#img25,National Archives / Official German Photograph,https://cdn.theatlantic.com/assets/media/img/photo/2016/11/world-war-i-in-photos-technology/w_25/main_1500.jpg?1478808928,True
img26,pt2/img26.jpg,https://theatlantic.com/photo/2014/04/world-war-i-in-photos-technology/507305/#img26,National Library of Scotland,https://cdn.theatlantic.com/assets/media/img/photo/2016/11/world-war-i-in-photos-technology/w_26/main_1500.jpg?1478808928,True
img27,pt2/img27.jpg,https://theatlantic.com/photo/2014/04/world-war-i-in-photos-technology/507305/#img27,Library of Congress,https://cdn.theatlantic.com/assets/media/img/photo/2016/11/world-war-i-in-photos-technology/w_27/main_1500.jpg?1478808928,True
img28,pt2/img28.jpg,https://theatlantic.com/photo/2014/04/world-war-i-in-photos-technology/507305/#img28,Nationaal Archief,https://cdn.theatlantic.com/assets/media/img/photo/2016/11/world-war-i-in-photos-technology/w_28/main_1500.jpg?1478808928,True
img29,pt2/img29.jpg,https://theatlantic.com/photo/2014/04/world-war-i-in-photos-technology/507305/#img29,AP,https://cdn.theatlantic.com/assets/media/img/photo/2016/11/world-war-i-in-photos-technology/w_29/main_1500.jpg?1478808928,True
img30,pt2/img30.jpg,https://theatlantic.com/photo/2014/04/world-war-i-in-photos-technology/507305/#img30,National Archives / Official German Photograph,https://cdn.theatlantic.com/assets/media/img/photo/2016/11/world-war-i-in-photos-technology/w_30/main_1500.jpg?1478809001,True
img31,pt2/img31.jpg,https://theatlantic.com/photo/2014/04/world-war-i-in-photos-technology/507305/#img31,U.S. Army Signal Corps,https://cdn.theatlantic.com/assets/media/img/photo/2016/11/world-war-i-in-photos-technology/w_31/main_1500.jpg?1478808928,True
img32,pt2/img32.jpg,https://theatlantic.com/photo/2014/04/world-war-i-in-photos-technology/507305/#img32,"Southern Methodist University, Central University Libraries, DeGolyer Library",https://cdn.theatlantic.com/assets/media/img/photo/2016/11/world-war-i-in-photos-technology/w_32/main_1500.jpg?1478808928,True
img33,pt2/img33.jpg,https://theatlantic.com/photo/2014/04/world-war-i-in-photos-technology/507305/#img33,Australian War Memorial,https://cdn.theatlantic.com/assets/media/img/photo/2016/11/world-war-i-in-photos-technology/w_33/main_1500.jpg?1478808928,True
img34,pt2/img34.jpg,https://theatlantic.com/photo/2014/04/world-war-i-in-photos-technology/507305/#img34,National Library of Scotland,https://cdn.theatlantic.com/assets/media/img/photo/2016/11/world-war-i-in-photos-technology/w_34/main_1500.jpg?1478808928,True
img35,pt2/img35.jpg,https://theatlantic.com/photo/2014/04/world-war-i-in-photos-technology/507305/#img35,Henry Armytage Sanders / National Library of New Zealand,https://cdn.theatlantic.com/assets/media/img/photo/2016/11/world-war-i-in-photos-technology/w_35/main_1500.jpg?1478808928,True
img36,pt2/img36.jpg,https://theatlantic.com/photo/2014/04/world-war-i-in-photos-technology/507305/#img36,"CC BY-SA
                
                
                
                F. Lorenz",https://cdn.theatlantic.com/assets/media/img/photo/2016/11/world-war-i-in-photos-technology/w_36/main_1500.jpg?1478808928,True
img37,pt2/img37.jpg,https://theatlantic.com/photo/2014/04/world-war-i-in-photos-technology/507305/#img37,Keystone View Company,https://cdn.theatlantic.com/assets/media/img/photo/2016/11/world-war-i-in-photos-technology/w_37/main_1500.jpg?1478808928,True
img38,pt2/img38.jpg,https://theatlantic.com/photo/2014/04/world-war-i-in-photos-technology/507305/#img38,National Archive / Official German Photograph of WWI,https://cdn.theatlantic.com/assets/media/img/photo/2016/11/world-war-i-in-photos-technology/w_38/main_1500.jpg?1478808928,True
img39,pt2/img39.jpg,https://theatlantic.com/photo/2014/04/world-war-i-in-photos-technology/507305/#img39,National Archive / Official German Photograph of WWI,https://cdn.theatlantic.com/assets/media/img/photo/2016/11/world-war-i-in-photos-technology/w_39/main_1500.jpg?1478808928,True
img40,pt2/img40.jpg,https://theatlantic.com/photo/2014/04/world-war-i-in-photos-technology/507305/#img40,Bibliotheque nationale de France,https://cdn.theatlantic.com/assets/media/img/photo/2016/11/world-war-i-in-photos-technology/w_40/main_1500.jpg?1478808928,True
img41,pt2/img41.jpg,https://theatlantic.com/photo/2014/04/world-war-i-in-photos-technology/507305/#img41,U.S. National Archives / Harry Kidd,https://cdn.theatlantic.com/assets/media/img/photo/2016/11/world-war-i-in-photos-technology/w_41/main_1500.jpg?1478808928,True
img42,pt2/img42.jpg,https://theatlantic.com/photo/2014/04/world-war-i-in-photos-technology/507305/#img42,National Archive / Official German Photograph of WWI,https://cdn.theatlantic.com/assets/media/img/photo/2016/11/world-war-i-in-photos-technology/w_42/main_1500.jpg?1478808928,True
img43,pt2/img43.jpg,https://theatlantic.com/photo/2014/04/world-war-i-in-photos-technology/507305/#img43,National Archive / Official German Photograph of WWI,https://cdn.theatlantic.com/assets/media/img/photo/2016/11/world-war-i-in-photos-technology/w_43/main_1500.jpg?1478808928,True
img44,pt2/img44.jpg,https://theatlantic.com/photo/2014/04/world-war-i-in-photos-technology/507305/#img44,Bibliotheque nationale de France,https://cdn.theatlantic.com/assets/media/img/photo/2016/11/world-war-i-in-photos-technology/w_44/main_1500.jpg?1478808928,True
img45,pt2/img45.jpg,https://theatlantic.com/photo/2014/04/world-war-i-in-photos-technology/507305/#img45,"CC BY-SA
                
                
                
                Nicolas Joseph Gustave Crouvezier / Archives municipales de Nancy",https://cdn.theatlantic.com/assets/media/img/photo/2016/11/world-war-i-in-photos-technology/w_45/main_1500.jpg?1478808928,True
img01,pt3/img01.jpg,https://theatlantic.com/photo/2014/04/world-war-i-in-photos-animals-at-war/507320/#img01,National Library of Scotland,https://cdn.theatlantic.com/assets/media/img/photo/2016/11/world-war-i-in-photos-animals-at-wa/w_01/main_1500.jpg?1478810463,True
img02,pt3/img02.jpg,https://theatlantic.com/photo/2014/04/world-war-i-in-photos-animals-at-war/507320/#img02,Brett Butterworth,https://cdn.theatlantic.com/assets/media/img/photo/2016/11/world-war-i-in-photos-animals-at-wa/w_02/main_1500.jpg?1478810463,True
img03,pt3/img03.jpg,https://theatlantic.com/photo/2014/04/world-war-i-in-photos-animals-at-war/507320/#img03,Brett Butterworth,https://cdn.theatlantic.com/assets/media/img/photo/2016/11/world-war-i-in-photos-animals-at-wa/w_03/main_1500.jpg?1478810463,True
img04,pt3/img04.jpg,https://theatlantic.com/photo/2014/04/world-war-i-in-photos-animals-at-war/507320/#img04,Library of Congress,https://cdn.theatlantic.com/assets/media/img/photo/2016/11/world-war-i-in-photos-animals-at-wa/w_04/main_1500.jpg?1478810463,True
img05,pt3/img05.jpg,https://theatlantic.com/photo/2014/04/world-war-i-in-photos-animals-at-war/507320/#img05,Deutsches Bundesarchiv,https://cdn.theatlantic.com/assets/media/img/photo/2016/11/world-war-i-in-photos-animals-at-wa/w_05/main_1500.jpg?1478810463,True
img06,pt3/img06.jpg,https://theatlantic.com/photo/2014/04/world-war-i-in-photos-animals-at-war/507320/#img06,Bibliotheque nationale de France,https://cdn.theatlantic.com/assets/media/img/photo/2016/11/world-war-i-in-photos-animals-at-wa/w_06/main_1500.jpg?1478810463,True
img07,pt3/img07.jpg,https://theatlantic.com/photo/2014/04/world-war-i-in-photos-animals-at-war/507320/#img07,Wikimedia Commons,https://cdn.theatlantic.com/assets/media/img/photo/2016/11/world-war-i-in-photos-animals-at-wa/w_07/main_1500.jpg?1478810463,True
img08,pt3/img08.jpg,https://theatlantic.com/photo/2014/04/world-war-i-in-photos-animals-at-war/507320/#img08,National Library of Scotland,https://cdn.theatlantic.com/assets/media/img/photo/2016/11/world-war-i-in-photos-animals-at-wa/w_08/main_1500.jpg?1478810463,True
img09,pt3/img09.jpg,https://theatlantic.com/photo/2014/04/world-war-i-in-photos-animals-at-war/507320/#img09,National Archive / Official German Photograph of WWI,https://cdn.theatlantic.com/assets/media/img/photo/2016/11/world-war-i-in-photos-animals-at-wa/w_09/main_1500.jpg?1478810463,True
img10,pt3/img10.jpg,https://theatlantic.com/photo/2014/04/world-war-i-in-photos-animals-at-war/507320/#img10,Library of Congress,https://cdn.theatlantic.com/assets/media/img/photo/2016/11/world-war-i-in-photos-animals-at-wa/w_10/main_1500.jpg?1478810463,True
img11,pt3/img11.jpg,https://theatlantic.com/photo/2014/04/world-war-i-in-photos-animals-at-war/507320/#img11,Australian War Memorial,https://cdn.theatlantic.com/assets/media/img/photo/2016/11/world-war-i-in-photos-animals-at-wa/w_11/main_1500.jpg?1478810463,True
img12,pt3/img12.jpg,https://theatlantic.com/photo/2014/04/world-war-i-in-photos-animals-at-war/507320/#img12,National Archives,https://cdn.theatlantic.com/assets/media/img/photo/2016/11/world-war-i-in-photos-animals-at-wa/w_12/main_1500.jpg?1478810463,True
img13,pt3/img13.jpg,https://theatlantic.com/photo/2014/04/world-war-i-in-photos-animals-at-war/507320/#img13,National Archive / Official German Photograph of WWI,https://cdn.theatlantic.com/assets/media/img/photo/2016/11/world-war-i-in-photos-animals-at-wa/w_13/main_1500.jpg?1478810463,True
img14,pt3/img14.jpg,https://theatlantic.com/photo/2014/04/world-war-i-in-photos-animals-at-war/507320/#img14,Nationaal Archief,https://cdn.theatlantic.com/assets/media/img/photo/2016/11/world-war-i-in-photos-animals-at-wa/w_14/main_1500.jpg?1478810463,True
img15,pt3/img15.jpg,https://theatlantic.com/photo/2014/04/world-war-i-in-photos-animals-at-war/507320/#img15,Library of Congress,https://cdn.theatlantic.com/assets/media/img/photo/2016/11/world-war-i-in-photos-animals-at-wa/w_15/main_1500.jpg?1478810463,True
img16,pt3/img16.jpg,https://theatlantic.com/photo/2014/04/world-war-i-in-photos-animals-at-war/507320/#img16,WWI Signal Corps Photograph Collection,https://cdn.theatlantic.com/assets/media/img/photo/2016/11/world-war-i-in-photos-animals-at-wa/w_16/main_1500.jpg?1478810463,True
img17,pt3/img17.jpg,https://theatlantic.com/photo/2014/04/world-war-i-in-photos-animals-at-war/507320/#img17,Library of Congress,https://cdn.theatlantic.com/assets/media/img/photo/2016/11/world-war-i-in-photos-animals-at-wa/w_17/main_1500.jpg?1478810463,True
img18,pt3/img18.jpg,https://theatlantic.com/photo/2014/04/world-war-i-in-photos-animals-at-war/507320/#img18,National Library of Scotland,https://cdn.theatlantic.com/assets/media/img/photo/2016/11/world-war-i-in-photos-animals-at-wa/w_18/main_1500.jpg?1478810463,True
img19,pt3/img19.jpg,https://theatlantic.com/photo/2014/04/world-war-i-in-photos-animals-at-war/507320/#img19,Bibliotheque nationale de France,https://cdn.theatlantic.com/assets/media/img/photo/2016/11/world-war-i-in-photos-animals-at-wa/w_19/main_1500.jpg?1478810463,True
img20,pt3/img20.jpg,https://theatlantic.com/photo/2014/04/world-war-i-in-photos-animals-at-war/507320/#img20,Bibliotheque nationale de France,https://cdn.theatlantic.com/assets/media/img/photo/2016/11/world-war-i-in-photos-animals-at-wa/w_20/main_1500.jpg?1478810463,True
img21,pt3/img21.jpg,https://theatlantic.com/photo/2014/04/world-war-i-in-photos-animals-at-war/507320/#img21,Australian War Memorial,https://cdn.theatlantic.com/assets/media/img/photo/2016/11/world-war-i-in-photos-animals-at-wa/w_21/main_1500.jpg?1478810463,True
img22,pt3/img22.jpg,https://theatlantic.com/photo/2014/04/world-war-i-in-photos-animals-at-war/507320/#img22,Paul Thompson / New York Times,https://cdn.theatlantic.com/assets/media/img/photo/2016/11/world-war-i-in-photos-animals-at-wa/w_22/main_1500.jpg?1478810463,True
img23,pt3/img23.jpg,https://theatlantic.com/photo/2014/04/world-war-i-in-photos-animals-at-war/507320/#img23,Bibliotheque nationale de France,https://cdn.theatlantic.com/assets/media/img/photo/2016/11/world-war-i-in-photos-animals-at-wa/w_23/main_1500.jpg?1478810463,True
img24,pt3/img24.jpg,https://theatlantic.com/photo/2014/04/world-war-i-in-photos-animals-at-war/507320/#img24,Australian official photographs / State Library of New South Wales,https://cdn.theatlantic.com/assets/media/img/photo/2016/11/world-war-i-in-photos-animals-at-wa/w_24/main_1500.jpg?1478810463,True
img25,pt3/img25.jpg,https://theatlantic.com/photo/2014/04/world-war-i-in-photos-animals-at-war/507320/#img25,Library of Congress,https://cdn.theatlantic.com/assets/media/img/photo/2016/11/world-war-i-in-photos-animals-at-wa/w_25/main_1500.jpg?1478810463,True
img26,pt3/img26.jpg,https://theatlantic.com/photo/2014/04/world-war-i-in-photos-animals-at-war/507320/#img26,Woodrow Wilson Presidential Library,https://cdn.theatlantic.com/assets/media/img/photo/2016/11/world-war-i-in-photos-animals-at-wa/w_26/main_1500.jpg?1478810463,True
img27,pt3/img27.jpg,https://theatlantic.com/photo/2014/04/world-war-i-in-photos-animals-at-war/507320/#img27,Library of Congress,https://cdn.theatlantic.com/assets/media/img/photo/2016/11/world-war-i-in-photos-animals-at-wa/w_27/main_1500.jpg?1478810463,True
img28,pt3/img28.jpg,https://theatlantic.com/photo/2014/04/world-war-i-in-photos-animals-at-war/507320/#img28,Der Weltkrieg im Bild / Upper Austrian Federal State Library,https://cdn.theatlantic.com/assets/media/img/photo/2016/11/world-war-i-in-photos-animals-at-wa/w_28/main_1500.jpg?1478810463,True
img29,pt3/img29.jpg,https://theatlantic.com/photo/2014/04/world-war-i-in-photos-animals-at-war/507320/#img29,"Library of Congress / Underwood & Underwood, War of the Nations, New York Times",https://cdn.theatlantic.com/assets/media/img/photo/2016/11/world-war-i-in-photos-animals-at-wa/w_29/main_1500.jpg?1478810463,True
img30,pt3/img30.jpg,https://theatlantic.com/photo/2014/04/world-war-i-in-photos-animals-at-war/507320/#img30,National Archive / Official German Photograph of WWI,https://cdn.theatlantic.com/assets/media/img/photo/2016/11/world-war-i-in-photos-animals-at-wa/w_30/main_1500.jpg?1478810463,True
img31,pt3/img31.jpg,https://theatlantic.com/photo/2014/04/world-war-i-in-photos-animals-at-war/507320/#img31,Bibliotheque nationale de France,https://cdn.theatlantic.com/assets/media/img/photo/2016/11/world-war-i-in-photos-animals-at-wa/w_31/main_1500.jpg?1478810463,True
img32,pt3/img32.jpg,https://theatlantic.com/photo/2014/04/world-war-i-in-photos-animals-at-war/507320/#img32,Library of Congress,https://cdn.theatlantic.com/assets/media/img/photo/2016/11/world-war-i-in-photos-animals-at-wa/w_32/main_1500.jpg?1478810463,True
img33,pt3/img33.jpg,https://theatlantic.com/photo/2014/04/world-war-i-in-photos-animals-at-war/507320/#img33,Nationaal Archief,https://cdn.theatlantic.com/assets/media/img/photo/2016/11/world-war-i-in-photos-animals-at-wa/w_33/main_1500.jpg?1478810463,True
img34,pt3/img34.jpg,https://theatlantic.com/photo/2014/04/world-war-i-in-photos-animals-at-war/507320/#img34,National Library of Scotland,https://cdn.theatlantic.com/assets/media/img/photo/2016/11/world-war-i-in-photos-animals-at-wa/w_34/main_1500.jpg?1478810463,True
img35,pt3/img35.jpg,https://theatlantic.com/photo/2014/04/world-war-i-in-photos-animals-at-war/507320/#img35,Library of Congress,https://cdn.theatlantic.com/assets/media/img/photo/2016/11/world-war-i-in-photos-animals-at-wa/w_35/main_1500.jpg?1478810463,True
img36,pt3/img36.jpg,https://theatlantic.com/photo/2014/04/world-war-i-in-photos-animals-at-war/507320/#img36,Bibliotheque nationale de France,https://cdn.theatlantic.com/assets/media/img/photo/2016/11/world-war-i-in-photos-animals-at-wa/w_36/main_1500.jpg?1478810463,True
img37,pt3/img37.jpg,https://theatlantic.com/photo/2014/04/world-war-i-in-photos-animals-at-war/507320/#img37,Bibliotheue nationale de France,https://cdn.theatlantic.com/assets/media/img/photo/2016/11/world-war-i-in-photos-animals-at-wa/w_37/main_1500.jpg?1478810463,True
img38,pt3/img38.jpg,https://theatlantic.com/photo/2014/04/world-war-i-in-photos-animals-at-war/507320/#img38,"Library of Congress / Underwood & Underwood, War of the Nations, New York Times",https://cdn.theatlantic.com/assets/media/img/photo/2016/11/world-war-i-in-photos-animals-at-wa/w_38/main_1500.jpg?1478810463,True
img39,pt3/img39.jpg,https://theatlantic.com/photo/2014/04/world-war-i-in-photos-animals-at-war/507320/#img39,Bibliotheque nationale de France,https://cdn.theatlantic.com/assets/media/img/photo/2016/11/world-war-i-in-photos-animals-at-wa/w_39/main_1500.jpg?1478810463,True
img40,pt3/img40.jpg,https://theatlantic.com/photo/2014/04/world-war-i-in-photos-animals-at-war/507320/#img40,Nationaal Archief,https://cdn.theatlantic.com/assets/media/img/photo/2016/11/world-war-i-in-photos-animals-at-wa/w_40/main_1500.jpg?1478810463,True
img41,pt3/img41.jpg,https://theatlantic.com/photo/2014/04/world-war-i-in-photos-animals-at-war/507320/#img41,"CC BY
                
                
                
                Otis Historical Archives",https://cdn.theatlantic.com/assets/media/img/photo/2016/11/world-war-i-in-photos-animals-at-wa/w_41/main_1500.jpg?1478810463,True
img42,pt3/img42.jpg,https://theatlantic.com/photo/2014/04/world-war-i-in-photos-animals-at-war/507320/#img42,Library of Congress,https://cdn.theatlantic.com/assets/media/img/photo/2016/11/world-war-i-in-photos-animals-at-wa/w_42/main_1500.jpg?1478810463,True
img43,pt3/img43.jpg,https://theatlantic.com/photo/2014/04/world-war-i-in-photos-animals-at-war/507320/#img43,Underwood & Underwood,https://cdn.theatlantic.com/assets/media/img/photo/2016/11/world-war-i-in-photos-animals-at-wa/w_43/main_1500.jpg?1478810463,True
img44,pt3/img44.jpg,https://theatlantic.com/photo/2014/04/world-war-i-in-photos-animals-at-war/507320/#img44,National Library of New Zealand,https://cdn.theatlantic.com/assets/media/img/photo/2016/11/world-war-i-in-photos-animals-at-wa/w_44/main_1500.jpg?1478810463,True
img45,pt3/img45.jpg,https://theatlantic.com/photo/2014/04/world-war-i-in-photos-animals-at-war/507320/#img45,National Archives / Official German Photograph,https://cdn.theatlantic.com/assets/media/img/photo/2016/11/world-war-i-in-photos-animals-at-wa/w_45/main_1500.jpg?1478810463,True
img01,pt4/img01.jpg,https://theatlantic.com/photo/2014/04/world-war-i-in-photos-soldiers-and-civilians/507329/#img01,National Library of Scotland,https://cdn.theatlantic.com/assets/media/img/photo/2016/11/world-war-i-in-photos-soldiers-and/w_01/main_1500.jpg?1478894554,True
img02,pt4/img02.jpg,https://theatlantic.com/photo/2014/04/world-war-i-in-photos-soldiers-and-civilians/507329/#img02,AP,https://cdn.theatlantic.com/assets/media/img/photo/2016/11/world-war-i-in-photos-soldiers-and/w_02/main_1500.jpg?1478894554,True
img03,pt4/img03.jpg,https://theatlantic.com/photo/2014/04/world-war-i-in-photos-soldiers-and-civilians/507329/#img03,James McAllister / National Library of New Zealand,https://cdn.theatlantic.com/assets/media/img/photo/2016/11/world-war-i-in-photos-soldiers-and/w_03/main_1500.jpg?1478894554,True
img04,pt4/img04.jpg,https://theatlantic.com/photo/2014/04/world-war-i-in-photos-soldiers-and-civilians/507329/#img04,National Library of Scotland,https://cdn.theatlantic.com/assets/media/img/photo/2016/11/world-war-i-in-photos-soldiers-and/w_04/main_1500.jpg?1478894554,True
img05,pt4/img05.jpg,https://theatlantic.com/photo/2014/04/world-war-i-in-photos-soldiers-and-civilians/507329/#img05,Library of Congress,https://cdn.theatlantic.com/assets/media/img/photo/2016/11/world-war-i-in-photos-soldiers-and/w_05/main_1500.jpg?1478894554,True
img06,pt4/img06.jpg,https://theatlantic.com/photo/2014/04/world-war-i-in-photos-soldiers-and-civilians/507329/#img06,National Archive / Official German Photograph of WWI,https://cdn.theatlantic.com/assets/media/img/photo/2016/11/world-war-i-in-photos-soldiers-and/w_06/main_1500.jpg?1478894554,True
img07,pt4/img07.jpg,https://theatlantic.com/photo/2014/04/world-war-i-in-photos-soldiers-and-civilians/507329/#img07,National Media Museum / Australian War Records Section,https://cdn.theatlantic.com/assets/media/img/photo/2016/11/world-war-i-in-photos-soldiers-and/w_07/main_1500.jpg?1478894554,True
img08,pt4/img08.jpg,https://theatlantic.com/photo/2014/04/world-war-i-in-photos-soldiers-and-civilians/507329/#img08,Brett Butterworth,https://cdn.theatlantic.com/assets/media/img/photo/2016/11/world-war-i-in-photos-soldiers-and/w_08/main_1500.jpg?1478894554,True
img09,pt4/img09.jpg,https://theatlantic.com/photo/2014/04/world-war-i-in-photos-soldiers-and-civilians/507329/#img09,Brett Butterworth,https://cdn.theatlantic.com/assets/media/img/photo/2016/11/world-war-i-in-photos-soldiers-and/w_09/main_1500.jpg?1478894554,True
img10,pt4/img10.jpg,https://theatlantic.com/photo/2014/04/world-war-i-in-photos-soldiers-and-civilians/507329/#img10,"National World War I Museum, Kansas City, Missouri, USA",https://cdn.theatlantic.com/assets/media/img/photo/2016/11/world-war-i-in-photos-soldiers-and/w_10/main_1500.jpg?1478894554,True
img11,pt4/img11.jpg,https://theatlantic.com/photo/2014/04/world-war-i-in-photos-soldiers-and-civilians/507329/#img11,AP,https://cdn.theatlantic.com/assets/media/img/photo/2016/11/world-war-i-in-photos-soldiers-and/w_11/main_1500.jpg?1478894554,True
img12,pt4/img12.jpg,https://theatlantic.com/photo/2014/04/world-war-i-in-photos-soldiers-and-civilians/507329/#img12,State Library of New South Wales,https://cdn.theatlantic.com/assets/media/img/photo/2016/11/world-war-i-in-photos-soldiers-and/w_12/main_1500.jpg?1478894554,True
img13,pt4/img13.jpg,https://theatlantic.com/photo/2014/04/world-war-i-in-photos-soldiers-and-civilians/507329/#img13,National Library of Scotland,https://cdn.theatlantic.com/assets/media/img/photo/2016/11/world-war-i-in-photos-soldiers-and/w_13/main_1500.jpg?1478894554,True
img14,pt4/img14.jpg,https://theatlantic.com/photo/2014/04/world-war-i-in-photos-soldiers-and-civilians/507329/#img14,National Archives,https://cdn.theatlantic.com/assets/media/img/photo/2016/11/world-war-i-in-photos-soldiers-and/w_14/main_1500.jpg?1478894554,True
img15,pt4/img15.jpg,https://theatlantic.com/photo/2014/04/world-war-i-in-photos-soldiers-and-civilians/507329/#img15,Library of Congress,https://cdn.theatlantic.com/assets/media/img/photo/2016/11/world-war-i-in-photos-soldiers-and/w_15/main_1500.jpg?1478894554,True
img16,pt4/img16.jpg,https://theatlantic.com/photo/2014/04/world-war-i-in-photos-soldiers-and-civilians/507329/#img16,AP,https://cdn.theatlantic.com/assets/media/img/photo/2016/11/world-war-i-in-photos-soldiers-and/w_16/main_1500.jpg?1478894554,True
img17,pt4/img17.jpg,https://theatlantic.com/photo/2014/04/world-war-i-in-photos-soldiers-and-civilians/507329/#img17,National Library of Scotland,https://cdn.theatlantic.com/assets/media/img/photo/2016/11/world-war-i-in-photos-soldiers-and/w_17/main_1500.jpg?1478894554,True
img18,pt4/img18.jpg,https://theatlantic.com/photo/2014/04/world-war-i-in-photos-soldiers-and-civilians/507329/#img18,Library of Congress,https://cdn.theatlantic.com/assets/media/img/photo/2016/11/world-war-i-in-photos-soldiers-and/w_18/main_1500.jpg?1478894554,True
img19,pt4/img19.jpg,https://theatlantic.com/photo/2014/04/world-war-i-in-photos-soldiers-and-civilians/507329/#img19,Frank Hurley / National Media Museum,https://cdn.theatlantic.com/assets/media/img/photo/2016/11/world-war-i-in-photos-soldiers-and/w_19/main_1500.jpg?1478894554,True
img20,pt4/img20.jpg,https://theatlantic.com/photo/2014/04/world-war-i-in-photos-soldiers-and-civilians/507329/#img20,National Library of Scotland,https://cdn.theatlantic.com/assets/media/img/photo/2016/11/world-war-i-in-photos-soldiers-and/w_20/main_1500.jpg?1478894554,True
img21,pt4/img21.jpg,https://theatlantic.com/photo/2014/04/world-war-i-in-photos-soldiers-and-civilians/507329/#img21,AP,https://cdn.theatlantic.com/assets/media/img/photo/2016/11/world-war-i-in-photos-soldiers-and/w_21/main_1500.jpg?1478894554,True
img22,pt4/img22.jpg,https://theatlantic.com/photo/2014/04/world-war-i-in-photos-soldiers-and-civilians/507329/#img22,National Library of Scotland,https://cdn.theatlantic.com/assets/media/img/photo/2016/11/world-war-i-in-photos-soldiers-and/w_22/main_1500.jpg?1478894554,True
img23,pt4/img23.jpg,https://theatlantic.com/photo/2014/04/world-war-i-in-photos-soldiers-and-civilians/507329/#img23,Library of Congress,https://cdn.theatlantic.com/assets/media/img/photo/2016/11/world-war-i-in-photos-soldiers-and/w_23/main_1500.jpg?1478894554,True
img24,pt4/img24.jpg,https://theatlantic.com/photo/2014/04/world-war-i-in-photos-soldiers-and-civilians/507329/#img24,National Library of Scotland,https://cdn.theatlantic.com/assets/media/img/photo/2016/11/world-war-i-in-photos-soldiers-and/w_24/main_1500.jpg?1478894554,True
img25,pt4/img25.jpg,https://theatlantic.com/photo/2014/04/world-war-i-in-photos-soldiers-and-civilians/507329/#img25,Nationaal Archief,https://cdn.theatlantic.com/assets/media/img/photo/2016/11/world-war-i-in-photos-soldiers-and/w_25/main_1500.jpg?1478894554,True
img26,pt4/img26.jpg,https://theatlantic.com/photo/2014/04/world-war-i-in-photos-soldiers-and-civilians/507329/#img26,National Archive / Official German Photograph of WWI,https://cdn.theatlantic.com/assets/media/img/photo/2016/11/world-war-i-in-photos-soldiers-and/w_26/main_1500.jpg?1478894554,True
img27,pt4/img27.jpg,https://theatlantic.com/photo/2014/04/world-war-i-in-photos-soldiers-and-civilians/507329/#img27,National Library of Scotland,https://cdn.theatlantic.com/assets/media/img/photo/2016/11/world-war-i-in-photos-soldiers-and/w_27/main_1500.jpg?1478894554,True
img28,pt4/img28.jpg,https://theatlantic.com/photo/2014/04/world-war-i-in-photos-soldiers-and-civilians/507329/#img28,"CC BY-SA
                
                
                
                Carola Eugster",https://cdn.theatlantic.com/assets/media/img/photo/2016/11/world-war-i-in-photos-soldiers-and/w_28/main_1500.jpg?1478894554,True
img29,pt4/img29.jpg,https://theatlantic.com/photo/2014/04/world-war-i-in-photos-soldiers-and-civilians/507329/#img29,Library of Congress,https://cdn.theatlantic.com/assets/media/img/photo/2016/11/world-war-i-in-photos-soldiers-and/w_29/main_1500.jpg?1478894554,True
img30,pt4/img30.jpg,https://theatlantic.com/photo/2014/04/world-war-i-in-photos-soldiers-and-civilians/507329/#img30,Library of Congress,https://cdn.theatlantic.com/assets/media/img/photo/2016/11/world-war-i-in-photos-soldiers-and/w_30/main_1500.jpg?1478894554,True
img31,pt4/img31.jpg,https://theatlantic.com/photo/2014/04/world-war-i-in-photos-soldiers-and-civilians/507329/#img31,National Library of Scotland,https://cdn.theatlantic.com/assets/media/img/photo/2016/11/world-war-i-in-photos-soldiers-and/w_31/main_1500.jpg?1478894554,True
img32,pt4/img32.jpg,https://theatlantic.com/photo/2014/04/world-war-i-in-photos-soldiers-and-civilians/507329/#img32,National Library of Scotland,https://cdn.theatlantic.com/assets/media/img/photo/2016/11/world-war-i-in-photos-soldiers-and/w_32/main_1500.jpg?1478894554,True
img33,pt4/img33.jpg,https://theatlantic.com/photo/2014/04/world-war-i-in-photos-soldiers-and-civilians/507329/#img33,National Archive / Official German Photograph of WWI,https://cdn.theatlantic.com/assets/media/img/photo/2016/11/world-war-i-in-photos-soldiers-and/w_33/main_1500.jpg?1478894554,True
img34,pt4/img34.jpg,https://theatlantic.com/photo/2014/04/world-war-i-in-photos-soldiers-and-civilians/507329/#img34,National Library of Scotland,https://cdn.theatlantic.com/assets/media/img/photo/2016/11/world-war-i-in-photos-soldiers-and/w_34/main_1500.jpg?1478894554,True
img35,pt4/img35.jpg,https://theatlantic.com/photo/2014/04/world-war-i-in-photos-soldiers-and-civilians/507329/#img35,Bibliotheque nationale de France,https://cdn.theatlantic.com/assets/media/img/photo/2016/11/world-war-i-in-photos-soldiers-and/w_35/main_1500.jpg?1478894554,True
img36,pt4/img36.jpg,https://theatlantic.com/photo/2014/04/world-war-i-in-photos-soldiers-and-civilians/507329/#img36,National Library of Scotland,https://cdn.theatlantic.com/assets/media/img/photo/2016/11/world-war-i-in-photos-soldiers-and/w_36/main_1500.jpg?1478894554,True
img37,pt4/img37.jpg,https://theatlantic.com/photo/2014/04/world-war-i-in-photos-soldiers-and-civilians/507329/#img37,National Archive / Official German Photograph of WWI,https://cdn.theatlantic.com/assets/media/img/photo/2016/11/world-war-i-in-photos-soldiers-and/w_37/main_1500.jpg?1478894554,True
img38,pt4/img38.jpg,https://theatlantic.com/photo/2014/04/world-war-i-in-photos-soldiers-and-civilians/507329/#img38,"National World War I Museum, Kansas City, Missouri, USA",https://cdn.theatlantic.com/assets/media/img/photo/2016/11/world-war-i-in-photos-soldiers-and/w_38/main_1500.jpg?1478894554,True
img39,pt4/img39.jpg,https://theatlantic.com/photo/2014/04/world-war-i-in-photos-soldiers-and-civilians/507329/#img39,Library of Congress,https://cdn.theatlantic.com/assets/media/img/photo/2016/11/world-war-i-in-photos-soldiers-and/w_39/main_1500.jpg?1478894554,True
img40,pt4/img40.jpg,https://theatlantic.com/photo/2014/04/world-war-i-in-photos-soldiers-and-civilians/507329/#img40,Henry Armytage Sanders / National Library of New Zealand,https://cdn.theatlantic.com/assets/media/img/photo/2016/11/world-war-i-in-photos-soldiers-and/w_40/main_1500.jpg?1478894555,True
img41,pt4/img41.jpg,https://theatlantic.com/photo/2014/04/world-war-i-in-photos-soldiers-and-civilians/507329/#img41,Brett Butterworth,https://cdn.theatlantic.com/assets/media/img/photo/2016/11/world-war-i-in-photos-soldiers-and/w_41/main_1500.jpg?1478894555,True
img42,pt4/img42.jpg,https://theatlantic.com/photo/2014/04/world-war-i-in-photos-soldiers-and-civilians/507329/#img42,Library of Congress,https://cdn.theatlantic.com/assets/media/img/photo/2016/11/world-war-i-in-photos-soldiers-and/w_42/main_1500.jpg?1478894555,True
img43,pt4/img43.jpg,https://theatlantic.com/photo/2014/04/world-war-i-in-photos-soldiers-and-civilians/507329/#img43,U.S. National Archives,https://cdn.theatlantic.com/assets/media/img/photo/2016/11/world-war-i-in-photos-soldiers-and/w_43/main_1500.jpg?1478894555,True
img44,pt4/img44.jpg,https://theatlantic.com/photo/2014/04/world-war-i-in-photos-soldiers-and-civilians/507329/#img44,Brett Butterworth,https://cdn.theatlantic.com/assets/media/img/photo/2016/11/world-war-i-in-photos-soldiers-and/w_44/main_1500.jpg?1478894555,True
img45,pt4/img45.jpg,https://theatlantic.com/photo/2014/04/world-war-i-in-photos-soldiers-and-civilians/507329/#img45,NARA / Lt. M. S. Lentz / U.S. Army,https://cdn.theatlantic.com/assets/media/img/photo/2016/11/world-war-i-in-photos-soldiers-and/w_45/main_1500.jpg?1478894555,True
img01,pt5/img01.jpg,https://theatlantic.com/photo/2014/04/world-war-i-in-photos-war-at-sea/507332/#img01,US National Archives,https://cdn.theatlantic.com/assets/media/img/photo/2016/11/world-war-i-in-photos-war-at-sea/w_01/main_1500.jpg?1478895794,True
img02,pt5/img02.jpg,https://theatlantic.com/photo/2014/04/world-war-i-in-photos-war-at-sea/507332/#img02,Nationaal Archief,https://cdn.theatlantic.com/assets/media/img/photo/2016/11/world-war-i-in-photos-war-at-sea/w_02/main_1500.jpg?1478895794,True
img03,pt5/img03.jpg,https://theatlantic.com/photo/2014/04/world-war-i-in-photos-war-at-sea/507332/#img03,Bibliotheque nationale de France,https://cdn.theatlantic.com/assets/media/img/photo/2016/11/world-war-i-in-photos-war-at-sea/w_03/main_1500.jpg?1478895794,True
img04,pt5/img04.jpg,https://theatlantic.com/photo/2014/04/world-war-i-in-photos-war-at-sea/507332/#img04,Bibliotheque nationale de France,https://cdn.theatlantic.com/assets/media/img/photo/2016/11/world-war-i-in-photos-war-at-sea/w_04/main_1500.jpg?1478895794,True
img05,pt5/img05.jpg,https://theatlantic.com/photo/2014/04/world-war-i-in-photos-war-at-sea/507332/#img05,"National World War I Museum, Kansas City, Missouri, USA",https://cdn.theatlantic.com/assets/media/img/photo/2016/11/world-war-i-in-photos-war-at-sea/w_05/main_1500.jpg?1478895794,True
img06,pt5/img06.jpg,https://theatlantic.com/photo/2014/04/world-war-i-in-photos-war-at-sea/507332/#img06,"National World War I Museum, Kansas City, Missouri, USA",https://cdn.theatlantic.com/assets/media/img/photo/2016/11/world-war-i-in-photos-war-at-sea/w_06/main_1500.jpg?1478895794,True
img07,pt5/img07.jpg,https://theatlantic.com/photo/2014/04/world-war-i-in-photos-war-at-sea/507332/#img07,U.S. national Archives,https://cdn.theatlantic.com/assets/media/img/photo/2016/11/world-war-i-in-photos-war-at-sea/w_07/main_1500.jpg?1478895794,True
img08,pt5/img08.jpg,https://theatlantic.com/photo/2014/04/world-war-i-in-photos-war-at-sea/507332/#img08,US Navy,https://cdn.theatlantic.com/assets/media/img/photo/2016/11/world-war-i-in-photos-war-at-sea/w_08/main_1500.jpg?1478895794,True
img09,pt5/img09.jpg,https://theatlantic.com/photo/2014/04/world-war-i-in-photos-war-at-sea/507332/#img09,US Navy,https://cdn.theatlantic.com/assets/media/img/photo/2016/11/world-war-i-in-photos-war-at-sea/w_09/main_1500.jpg?1478895794,True
img10,pt5/img10.jpg,https://theatlantic.com/photo/2014/04/world-war-i-in-photos-war-at-sea/507332/#img10,"National World War I Museum, Kansas City, Missouri, USA",https://cdn.theatlantic.com/assets/media/img/photo/2016/11/world-war-i-in-photos-war-at-sea/w_10/main_1500.jpg?1478895794,True
img11,pt5/img11.jpg,https://theatlantic.com/photo/2014/04/world-war-i-in-photos-war-at-sea/507332/#img11,Frank Hurley / State Library of New South Wales,https://cdn.theatlantic.com/assets/media/img/photo/2016/11/world-war-i-in-photos-war-at-sea/w_11/main_1500.jpg?1478895794,True
img12,pt5/img12.jpg,https://theatlantic.com/photo/2014/04/world-war-i-in-photos-war-at-sea/507332/#img12,Library of Congress,https://cdn.theatlantic.com/assets/media/img/photo/2016/11/world-war-i-in-photos-war-at-sea/w_12/main_1500.jpg?1478895794,True
img13,pt5/img13.jpg,https://theatlantic.com/photo/2014/04/world-war-i-in-photos-war-at-sea/507332/#img13,Library of Congress,https://cdn.theatlantic.com/assets/media/img/photo/2016/11/world-war-i-in-photos-war-at-sea/w_13/main_1500.jpg?1478895794,True
img14,pt5/img14.jpg,https://theatlantic.com/photo/2014/04/world-war-i-in-photos-war-at-sea/507332/#img14,U.S. National Archives,https://cdn.theatlantic.com/assets/media/img/photo/2016/11/world-war-i-in-photos-war-at-sea/w_14/main_1500.jpg?1478895794,True
img15,pt5/img15.jpg,https://theatlantic.com/photo/2014/04/world-war-i-in-photos-war-at-sea/507332/#img15,Library of Congress,https://cdn.theatlantic.com/assets/media/img/photo/2016/11/world-war-i-in-photos-war-at-sea/w_15/main_1500.jpg?1478895794,True
img16,pt5/img16.jpg,https://theatlantic.com/photo/2014/04/world-war-i-in-photos-war-at-sea/507332/#img16,Library of Congress,https://cdn.theatlantic.com/assets/media/img/photo/2016/11/world-war-i-in-photos-war-at-sea/w_16/main_1500.jpg?1478895794,True
img17,pt5/img17.jpg,https://theatlantic.com/photo/2014/04/world-war-i-in-photos-war-at-sea/507332/#img17,Bibliotheque nationale de France,https://cdn.theatlantic.com/assets/media/img/photo/2016/11/world-war-i-in-photos-war-at-sea/w_17/main_1500.jpg?1479151921,True
img18,pt5/img18.jpg,https://theatlantic.com/photo/2014/04/world-war-i-in-photos-war-at-sea/507332/#img18,San Diego Air and Space Museum,https://cdn.theatlantic.com/assets/media/img/photo/2016/11/world-war-i-in-photos-war-at-sea/w_18/main_1500.jpg?1478895794,True
img19,pt5/img19.jpg,https://theatlantic.com/photo/2014/04/world-war-i-in-photos-war-at-sea/507332/#img19,NARA / Underwood & Underwood / U.S. Army,https://cdn.theatlantic.com/assets/media/img/photo/2016/11/world-war-i-in-photos-war-at-sea/w_19/main_1500.jpg?1478895794,True
img20,pt5/img20.jpg,https://theatlantic.com/photo/2014/04/world-war-i-in-photos-war-at-sea/507332/#img20,Library of Congress,https://cdn.theatlantic.com/assets/media/img/photo/2016/11/world-war-i-in-photos-war-at-sea/w_20/main_1500.jpg?1478895794,True
img21,pt5/img21.jpg,https://theatlantic.com/photo/2014/04/world-war-i-in-photos-war-at-sea/507332/#img21,Library of Congress,https://cdn.theatlantic.com/assets/media/img/photo/2016/11/world-war-i-in-photos-war-at-sea/w_21/main_1500.jpg?1478895794,True
img22,pt5/img22.jpg,https://theatlantic.com/photo/2014/04/world-war-i-in-photos-war-at-sea/507332/#img22,US Navy,https://cdn.theatlantic.com/assets/media/img/photo/2016/11/world-war-i-in-photos-war-at-sea/w_22/main_1500.jpg?1478895794,True
img23,pt5/img23.jpg,https://theatlantic.com/photo/2014/04/world-war-i-in-photos-war-at-sea/507332/#img23,Bibliotheque nationale de France,https://cdn.theatlantic.com/assets/media/img/photo/2016/11/world-war-i-in-photos-war-at-sea/w_23/main_1500.jpg?1478895794,True
img24,pt5/img24.jpg,https://theatlantic.com/photo/2014/04/world-war-i-in-photos-war-at-sea/507332/#img24,Deutsches Bundesarchiv,https://cdn.theatlantic.com/assets/media/img/photo/2016/11/world-war-i-in-photos-war-at-sea/w_24/main_1500.jpg?1478895794,True
img25,pt5/img25.jpg,https://theatlantic.com/photo/2014/04/world-war-i-in-photos-war-at-sea/507332/#img25,State Library of South Australia,https://cdn.theatlantic.com/assets/media/img/photo/2016/11/world-war-i-in-photos-war-at-sea/w_25/main_1500.jpg?1478895794,True
img26,pt5/img26.jpg,https://theatlantic.com/photo/2014/04/world-war-i-in-photos-war-at-sea/507332/#img26,State Library of New South Wales,https://cdn.theatlantic.com/assets/media/img/photo/2016/11/world-war-i-in-photos-war-at-sea/w_26/main_1500.jpg?1478895794,True
img27,pt5/img27.jpg,https://theatlantic.com/photo/2014/04/world-war-i-in-photos-war-at-sea/507332/#img27,AP,https://cdn.theatlantic.com/assets/media/img/photo/2016/11/world-war-i-in-photos-war-at-sea/w_27/main_1500.jpg?1478895794,True
img28,pt5/img28.jpg,https://theatlantic.com/photo/2014/04/world-war-i-in-photos-war-at-sea/507332/#img28,Keystone View Company,https://cdn.theatlantic.com/assets/media/img/photo/2016/11/world-war-i-in-photos-war-at-sea/w_28/main_1500.jpg?1478895794,True
img29,pt5/img29.jpg,https://theatlantic.com/photo/2014/04/world-war-i-in-photos-war-at-sea/507332/#img29,Bibliotheque nationale de France,https://cdn.theatlantic.com/assets/media/img/photo/2016/11/world-war-i-in-photos-war-at-sea/w_29/main_1500.jpg?1478895794,True
img30,pt5/img30.jpg,https://theatlantic.com/photo/2014/04/world-war-i-in-photos-war-at-sea/507332/#img30,Library of Congress,https://cdn.theatlantic.com/assets/media/img/photo/2016/11/world-war-i-in-photos-war-at-sea/w_30/main_1500.jpg?1478895794,True
img31,pt5/img31.jpg,https://theatlantic.com/photo/2014/04/world-war-i-in-photos-war-at-sea/507332/#img31,AP,https://cdn.theatlantic.com/assets/media/img/photo/2016/11/world-war-i-in-photos-war-at-sea/w_31/main_1500.jpg?1478895794,True
img32,pt5/img32.jpg,https://theatlantic.com/photo/2014/04/world-war-i-in-photos-war-at-sea/507332/#img32,Library of Congress,https://cdn.theatlantic.com/assets/media/img/photo/2016/11/world-war-i-in-photos-war-at-sea/w_32/main_1500.jpg?1478895794,True
img33,pt5/img33.jpg,https://theatlantic.com/photo/2014/04/world-war-i-in-photos-war-at-sea/507332/#img33,U.S. Army Signal Corps,https://cdn.theatlantic.com/assets/media/img/photo/2016/11/world-war-i-in-photos-war-at-sea/w_33/main_1500.jpg?1478895794,True
img34,pt5/img34.jpg,https://theatlantic.com/photo/2014/04/world-war-i-in-photos-war-at-sea/507332/#img34,U.S. Navy,https://cdn.theatlantic.com/assets/media/img/photo/2016/11/world-war-i-in-photos-war-at-sea/w_34/main_1500.jpg?1478895794,True
img35,pt5/img35.jpg,https://theatlantic.com/photo/2014/04/world-war-i-in-photos-war-at-sea/507332/#img35,Library of Congress,https://cdn.theatlantic.com/assets/media/img/photo/2016/11/world-war-i-in-photos-war-at-sea/w_35/main_1500.jpg?1478895794,True
img36,pt5/img36.jpg,https://theatlantic.com/photo/2014/04/world-war-i-in-photos-war-at-sea/507332/#img36,National Archive / Official German Photograph of WWI,https://cdn.theatlantic.com/assets/media/img/photo/2016/11/world-war-i-in-photos-war-at-sea/w_36/main_1500.jpg?1478895794,True
img37,pt5/img37.jpg,https://theatlantic.com/photo/2014/04/world-war-i-in-photos-war-at-sea/507332/#img37,Bibliotheque nationale de France,https://cdn.theatlantic.com/assets/media/img/photo/2016/11/world-war-i-in-photos-war-at-sea/w_37/main_1500.jpg?1478895794,True
img38,pt5/img38.jpg,https://theatlantic.com/photo/2014/04/world-war-i-in-photos-war-at-sea/507332/#img38,Library of Congress,https://cdn.theatlantic.com/assets/media/img/photo/2016/11/world-war-i-in-photos-war-at-sea/w_38/main_1500.jpg?1478895794,True
img39,pt5/img39.jpg,https://theatlantic.com/photo/2014/04/world-war-i-in-photos-war-at-sea/507332/#img39,AP,https://cdn.theatlantic.com/assets/media/img/photo/2016/11/world-war-i-in-photos-war-at-sea/w_39/main_1500.jpg?1478895794,True
img40,pt5/img40.jpg,https://theatlantic.com/photo/2014/04/world-war-i-in-photos-war-at-sea/507332/#img40,"CC BY-SA
                
                
                
                Nigel Aspdin",https://cdn.theatlantic.com/assets/media/img/photo/2016/11/world-war-i-in-photos-war-at-sea/w_40/main_1500.jpg?1479151921,True
img41,pt5/img41.jpg,https://theatlantic.com/photo/2014/04/world-war-i-in-photos-war-at-sea/507332/#img41,Deutsches Bundesarchiv,https://cdn.theatlantic.com/assets/media/img/photo/2016/11/world-war-i-in-photos-war-at-sea/w_41/main_1500.jpg?1478895794,True
img42,pt5/img42.jpg,https://theatlantic.com/photo/2014/04/world-war-i-in-photos-war-at-sea/507332/#img42,Australian National Maritime Museum / Samuel J. Hood Studio Collection,https://cdn.theatlantic.com/assets/media/img/photo/2016/11/world-war-i-in-photos-war-at-sea/w_42/main_1500.jpg?1478895794,True
img43,pt5/img43.jpg,https://theatlantic.com/photo/2014/04/world-war-i-in-photos-war-at-sea/507332/#img43,Library of Congress,https://cdn.theatlantic.com/assets/media/img/photo/2016/11/world-war-i-in-photos-war-at-sea/w_43/main_1500.jpg?1478895794,True
img44,pt5/img44.jpg,https://theatlantic.com/photo/2014/04/world-war-i-in-photos-war-at-sea/507332/#img44,Library of Congress,https://cdn.theatlantic.com/assets/media/img/photo/2016/11/world-war-i-in-photos-war-at-sea/w_44/main_1500.jpg?1478895794,True
img45,pt5/img45.jpg,https://theatlantic.com/photo/2014/04/world-war-i-in-photos-war-at-sea/507332/#img45,U.S. National Archives,https://cdn.theatlantic.com/assets/media/img/photo/2016/11/world-war-i-in-photos-war-at-sea/w_45/main_1500.jpg?1478895794,True
img01,pt6/img01.jpg,https://theatlantic.com/photo/2014/04/world-war-i-in-photos-global-conflict/507335/#img01,Bibliotheque nationale de France,https://cdn.theatlantic.com/assets/media/img/photo/2016/11/world-war-i-in-photos-global-confli/w_01/main_1500.jpg?1479062656,True
img02,pt6/img02.jpg,https://theatlantic.com/photo/2014/04/world-war-i-in-photos-global-conflict/507335/#img02,U.S. Naval Historical Center,https://cdn.theatlantic.com/assets/media/img/photo/2016/11/world-war-i-in-photos-global-confli/w_02/main_1500.jpg?1479062656,True
img03,pt6/img03.jpg,https://theatlantic.com/photo/2014/04/world-war-i-in-photos-global-conflict/507335/#img03,Library of Congress,https://cdn.theatlantic.com/assets/media/img/photo/2016/11/world-war-i-in-photos-global-confli/w_03/main_1500.jpg?1479062656,True
img04,pt6/img04.jpg,https://theatlantic.com/photo/2014/04/world-war-i-in-photos-global-conflict/507335/#img04,"Koloniales Bildarchiv, Universitatsbibliothek Frankfurt am Main",https://cdn.theatlantic.com/assets/media/img/photo/2016/11/world-war-i-in-photos-global-confli/w_04/main_1500.jpg?1479062656,True
img05,pt6/img05.jpg,https://theatlantic.com/photo/2014/04/world-war-i-in-photos-global-conflict/507335/#img05,Deutsches Bundesarchiv,https://cdn.theatlantic.com/assets/media/img/photo/2016/11/world-war-i-in-photos-global-confli/w_05/main_1500.jpg?1479062656,True
img06,pt6/img06.jpg,https://theatlantic.com/photo/2014/04/world-war-i-in-photos-global-conflict/507335/#img06,Library of Congress,https://cdn.theatlantic.com/assets/media/img/photo/2016/11/world-war-i-in-photos-global-confli/w_06/main_1500.jpg?1479062656,True
img07,pt6/img07.jpg,https://theatlantic.com/photo/2014/04/world-war-i-in-photos-global-conflict/507335/#img07,"Illustrated War News, 1914",https://cdn.theatlantic.com/assets/media/img/photo/2016/11/world-war-i-in-photos-global-confli/w_07/main_1500.jpg?1479062656,True
img08,pt6/img08.jpg,https://theatlantic.com/photo/2014/04/world-war-i-in-photos-global-conflict/507335/#img08,Der Weltkrieg im Bild / Upper Austrian Federal State Library,https://cdn.theatlantic.com/assets/media/img/photo/2016/11/world-war-i-in-photos-global-confli/w_08/main_1500.jpg?1479062656,True
img09,pt6/img09.jpg,https://theatlantic.com/photo/2014/04/world-war-i-in-photos-global-conflict/507335/#img09,Library of Congress,https://cdn.theatlantic.com/assets/media/img/photo/2016/11/world-war-i-in-photos-global-confli/w_09/main_1500.jpg?1479062656,True
img10,pt6/img10.jpg,https://theatlantic.com/photo/2014/04/world-war-i-in-photos-global-conflict/507335/#img10,AP,https://cdn.theatlantic.com/assets/media/img/photo/2016/11/world-war-i-in-photos-global-confli/w_10/main_1500.jpg?1479062656,True
img11,pt6/img11.jpg,https://theatlantic.com/photo/2014/04/world-war-i-in-photos-global-conflict/507335/#img11,"Library of Congress / Central News, The War of the Nations, New York Times",https://cdn.theatlantic.com/assets/media/img/photo/2016/11/world-war-i-in-photos-global-confli/w_11/main_1500.jpg?1479062656,True
img12,pt6/img12.jpg,https://theatlantic.com/photo/2014/04/world-war-i-in-photos-global-conflict/507335/#img12,Dr. Herschel Harris / State Library of New South Wales,https://cdn.theatlantic.com/assets/media/img/photo/2016/11/world-war-i-in-photos-global-confli/w_12/main_1500.jpg?1479062656,True
img13,pt6/img13.jpg,https://theatlantic.com/photo/2014/04/world-war-i-in-photos-global-conflict/507335/#img13,National Library of Scotland,https://cdn.theatlantic.com/assets/media/img/photo/2016/11/world-war-i-in-photos-global-confli/w_13/main_1500.jpg?1479062656,True
img14,pt6/img14.jpg,https://theatlantic.com/photo/2014/04/world-war-i-in-photos-global-conflict/507335/#img14,NARA / US War Dept,https://cdn.theatlantic.com/assets/media/img/photo/2016/11/world-war-i-in-photos-global-confli/w_14/main_1500.jpg?1479062656,True
img15,pt6/img15.jpg,https://theatlantic.com/photo/2014/04/world-war-i-in-photos-global-conflict/507335/#img15,Bibliotheque nationale de France,https://cdn.theatlantic.com/assets/media/img/photo/2016/11/world-war-i-in-photos-global-confli/w_15/main_1500.jpg?1479062656,True
img16,pt6/img16.jpg,https://theatlantic.com/photo/2014/04/world-war-i-in-photos-global-conflict/507335/#img16,Library of Congress,https://cdn.theatlantic.com/assets/media/img/photo/2016/11/world-war-i-in-photos-global-confli/w_16/main_1500.jpg?1479062656,True
img17,pt6/img17.jpg,https://theatlantic.com/photo/2014/04/world-war-i-in-photos-global-conflict/507335/#img17,"National World War I Museum, Kansas City, Missouri, USA",https://cdn.theatlantic.com/assets/media/img/photo/2016/11/world-war-i-in-photos-global-confli/w_17/main_1500.jpg?1479062656,True
img18,pt6/img18.jpg,https://theatlantic.com/photo/2014/04/world-war-i-in-photos-global-conflict/507335/#img18,National Library of Scotland,https://cdn.theatlantic.com/assets/media/img/photo/2016/11/world-war-i-in-photos-global-confli/w_18/main_1500.jpg?1479062656,True
img19,pt6/img19.jpg,https://theatlantic.com/photo/2014/04/world-war-i-in-photos-global-conflict/507335/#img19,Library of Congress,https://cdn.theatlantic.com/assets/media/img/photo/2016/11/world-war-i-in-photos-global-confli/w_19/main_1500.jpg?1479062656,True
img20,pt6/img20.jpg,https://theatlantic.com/photo/2014/04/world-war-i-in-photos-global-conflict/507335/#img20,James Francis Hurley / State Library of New South Wales,https://cdn.theatlantic.com/assets/media/img/photo/2016/11/world-war-i-in-photos-global-confli/w_20/main_1500.jpg?1479062656,True
img21,pt6/img21.jpg,https://theatlantic.com/photo/2014/04/world-war-i-in-photos-global-conflict/507335/#img21,Frank Hurley / State Library of New South Wales,https://cdn.theatlantic.com/assets/media/img/photo/2016/11/world-war-i-in-photos-global-confli/w_21/main_1500.jpg?1479062656,True
img22,pt6/img22.jpg,https://theatlantic.com/photo/2014/04/world-war-i-in-photos-global-conflict/507335/#img22,Library of Congress,https://cdn.theatlantic.com/assets/media/img/photo/2016/11/world-war-i-in-photos-global-confli/w_22/main_1500.jpg?1479062656,True
img23,pt6/img23.jpg,https://theatlantic.com/photo/2014/04/world-war-i-in-photos-global-conflict/507335/#img23,"Library of Congress / Underwood & Underwood, War of the Nations, New York Times, 1919",https://cdn.theatlantic.com/assets/media/img/photo/2016/11/world-war-i-in-photos-global-confli/w_23/main_1500.jpg?1479062656,True
img24,pt6/img24.jpg,https://theatlantic.com/photo/2014/04/world-war-i-in-photos-global-conflict/507335/#img24,Bibliotheque nationale de France,https://cdn.theatlantic.com/assets/media/img/photo/2016/11/world-war-i-in-photos-global-confli/w_24/main_1500.jpg?1479062656,True
img25,pt6/img25.jpg,https://theatlantic.com/photo/2014/04/world-war-i-in-photos-global-conflict/507335/#img25,Library of Congress,https://cdn.theatlantic.com/assets/media/img/photo/2016/11/world-war-i-in-photos-global-confli/w_25/main_1500.jpg?1479062656,True
img26,pt6/img26.jpg,https://theatlantic.com/photo/2014/04/world-war-i-in-photos-global-conflict/507335/#img26,"Library of Congress / French official Photo, War of the Nations, New York Times, 1919",https://cdn.theatlantic.com/assets/media/img/photo/2016/11/world-war-i-in-photos-global-confli/w_26/main_1500.jpg?1479062656,True
img27,pt6/img27.jpg,https://theatlantic.com/photo/2014/04/world-war-i-in-photos-global-conflict/507335/#img27,Bibliotheque nationale de France,https://cdn.theatlantic.com/assets/media/img/photo/2016/11/world-war-i-in-photos-global-confli/w_27/main_1500.jpg?1479062656,True
img28,pt6/img28.jpg,https://theatlantic.com/photo/2014/04/world-war-i-in-photos-global-conflict/507335/#img28,Library of Congress,https://cdn.theatlantic.com/assets/media/img/photo/2016/11/world-war-i-in-photos-global-confli/w_28/main_1500.jpg?1479062656,True
img29,pt6/img29.jpg,https://theatlantic.com/photo/2014/04/world-war-i-in-photos-global-conflict/507335/#img29,State Library of South Australia,https://cdn.theatlantic.com/assets/media/img/photo/2016/11/world-war-i-in-photos-global-confli/w_29/main_1500.jpg?1479062656,True
img30,pt6/img30.jpg,https://theatlantic.com/photo/2014/04/world-war-i-in-photos-global-conflict/507335/#img30,Library of Congress,https://cdn.theatlantic.com/assets/media/img/photo/2016/11/world-war-i-in-photos-global-confli/w_30/main_1500.jpg?1479062656,True
img31,pt6/img31.jpg,https://theatlantic.com/photo/2014/04/world-war-i-in-photos-global-conflict/507335/#img31,Library of Congress,https://cdn.theatlantic.com/assets/media/img/photo/2016/11/world-war-i-in-photos-global-confli/w_31/main_1500.jpg?1479062656,True
img32,pt6/img32.jpg,https://theatlantic.com/photo/2014/04/world-war-i-in-photos-global-conflict/507335/#img32,"Illustrated War News, 1914",https://cdn.theatlantic.com/assets/media/img/photo/2016/11/world-war-i-in-photos-global-confli/w_32/main_1500.jpg?1479062656,True
img33,pt6/img33.jpg,https://theatlantic.com/photo/2014/04/world-war-i-in-photos-global-conflict/507335/#img33,Library of Congress,https://cdn.theatlantic.com/assets/media/img/photo/2016/11/world-war-i-in-photos-global-confli/w_33/main_1500.jpg?1479062656,True
img34,pt6/img34.jpg,https://theatlantic.com/photo/2014/04/world-war-i-in-photos-global-conflict/507335/#img34,Brett Butterworth,https://cdn.theatlantic.com/assets/media/img/photo/2016/11/world-war-i-in-photos-global-confli/w_34/main_1500.jpg?1479062656,True
img35,pt6/img35.jpg,https://theatlantic.com/photo/2014/04/world-war-i-in-photos-global-conflict/507335/#img35,AP,https://cdn.theatlantic.com/assets/media/img/photo/2016/11/world-war-i-in-photos-global-confli/w_35/main_1500.jpg?1479062656,True
img36,pt6/img36.jpg,https://theatlantic.com/photo/2014/04/world-war-i-in-photos-global-conflict/507335/#img36,"National World War I Museum, Kansas City, Missouri, USA",https://cdn.theatlantic.com/assets/media/img/photo/2016/11/world-war-i-in-photos-global-confli/w_36/main_1500.jpg?1479062656,True
img37,pt6/img37.jpg,https://theatlantic.com/photo/2014/04/world-war-i-in-photos-global-conflict/507335/#img37,Library of Congress,https://cdn.theatlantic.com/assets/media/img/photo/2016/11/world-war-i-in-photos-global-confli/w_37/main_1500.jpg?1479062656,True
img38,pt6/img38.jpg,https://theatlantic.com/photo/2014/04/world-war-i-in-photos-global-conflict/507335/#img38,Der Weltkrieg im Bild / Upper Austrian Federal State Library,https://cdn.theatlantic.com/assets/media/img/photo/2016/11/world-war-i-in-photos-global-confli/w_38/main_1500.jpg?1479062656,True
img39,pt6/img39.jpg,https://theatlantic.com/photo/2014/04/world-war-i-in-photos-global-conflict/507335/#img39,National Archives,https://cdn.theatlantic.com/assets/media/img/photo/2016/11/world-war-i-in-photos-global-confli/w_39/main_1500.jpg?1479062656,True
img40,pt6/img40.jpg,https://theatlantic.com/photo/2014/04/world-war-i-in-photos-global-conflict/507335/#img40,Brett Butterworth,https://cdn.theatlantic.com/assets/media/img/photo/2016/11/world-war-i-in-photos-global-confli/w_40/main_1500.jpg?1479062657,True
img41,pt6/img41.jpg,https://theatlantic.com/photo/2014/04/world-war-i-in-photos-global-conflict/507335/#img41,"Library of Congress / International News Service, The War of the Nations, New York Times",https://cdn.theatlantic.com/assets/media/img/photo/2016/11/world-war-i-in-photos-global-confli/w_41/main_1500.jpg?1479062657,True
img42,pt6/img42.jpg,https://theatlantic.com/photo/2014/04/world-war-i-in-photos-global-conflict/507335/#img42,Brett Butterworth,https://cdn.theatlantic.com/assets/media/img/photo/2016/11/world-war-i-in-photos-global-confli/w_42/main_1500.jpg?1479062657,True
img43,pt6/img43.jpg,https://theatlantic.com/photo/2014/04/world-war-i-in-photos-global-conflict/507335/#img43,British Library,https://cdn.theatlantic.com/assets/media/img/photo/2016/11/world-war-i-in-photos-global-confli/w_43/main_1500.jpg?1479062657,True
img44,pt6/img44.jpg,https://theatlantic.com/photo/2014/04/world-war-i-in-photos-global-conflict/507335/#img44,Bibliotheque nationale de France,https://cdn.theatlantic.com/assets/media/img/photo/2016/11/world-war-i-in-photos-global-confli/w_44/main_1500.jpg?1479062657,True
img45,pt6/img45.jpg,https://theatlantic.com/photo/2014/04/world-war-i-in-photos-global-conflict/507335/#img45,Paul Thompson / New York Times,https://cdn.theatlantic.com/assets/media/img/photo/2016/11/world-war-i-in-photos-global-confli/w_45/main_1500.jpg?1479062657,True
img01,pt7/img01.jpg,https://theatlantic.com/photo/2014/04/world-war-i-in-photos-the-western-front-part-ii-and-armistice/507338/#img01,U.S. Army / U.S. National Archives,https://cdn.theatlantic.com/assets/media/img/photo/2016/11/world-war-i-in-photos-the-western-f-1/w_01/main_1500.jpg?1479064170,True
img02,pt7/img02.jpg,https://theatlantic.com/photo/2014/04/world-war-i-in-photos-the-western-front-part-ii-and-armistice/507338/#img02,National Media Museum,https://cdn.theatlantic.com/assets/media/img/photo/2016/11/world-war-i-in-photos-the-western-f-1/w_02/main_1500.jpg?1479064170,True
img03,pt7/img03.jpg,https://theatlantic.com/photo/2014/04/world-war-i-in-photos-the-western-front-part-ii-and-armistice/507338/#img03,Reuters / Collection Odette Carrez,https://cdn.theatlantic.com/assets/media/img/photo/2016/11/world-war-i-in-photos-the-western-f-1/w_03/main_1500.jpg?1479064170,True
img04,pt7/img04.jpg,https://theatlantic.com/photo/2014/04/world-war-i-in-photos-the-western-front-part-ii-and-armistice/507338/#img04,State Library of South Australia,https://cdn.theatlantic.com/assets/media/img/photo/2016/11/world-war-i-in-photos-the-western-f-1/w_04/main_1500.jpg?1479064170,True
img05,pt7/img05.jpg,https://theatlantic.com/photo/2014/04/world-war-i-in-photos-the-western-front-part-ii-and-armistice/507338/#img05,Reuters / Collection Odette Carrez,https://cdn.theatlantic.com/assets/media/img/photo/2016/11/world-war-i-in-photos-the-western-f-1/w_05/main_1500.jpg?1479064170,True
img06,pt7/img06.jpg,https://theatlantic.com/photo/2014/04/world-war-i-in-photos-the-western-front-part-ii-and-armistice/507338/#img06,U.S. Army Signal Corps,https://cdn.theatlantic.com/assets/media/img/photo/2016/11/world-war-i-in-photos-the-western-f-1/w_06/main_1500.jpg?1479064170,True
img07,pt7/img07.jpg,https://theatlantic.com/photo/2014/04/world-war-i-in-photos-the-western-front-part-ii-and-armistice/507338/#img07,U.S. Army Signal Corps,https://cdn.theatlantic.com/assets/media/img/photo/2016/11/world-war-i-in-photos-the-western-f-1/w_07/main_1500.jpg?1479064170,True
img08,pt7/img08.jpg,https://theatlantic.com/photo/2014/04/world-war-i-in-photos-the-western-front-part-ii-and-armistice/507338/#img08,National Archive / Official German Photograph of WWI,https://cdn.theatlantic.com/assets/media/img/photo/2016/11/world-war-i-in-photos-the-western-f-1/w_08/main_1500.jpg?1479064170,True
img09,pt7/img09.jpg,https://theatlantic.com/photo/2014/04/world-war-i-in-photos-the-western-front-part-ii-and-armistice/507338/#img09,National Library of Scotland / John Warwick Brooke,https://cdn.theatlantic.com/assets/media/img/photo/2016/11/world-war-i-in-photos-the-western-f-1/w_09/main_1500.jpg?1479064170,True
img10,pt7/img10.jpg,https://theatlantic.com/photo/2014/04/world-war-i-in-photos-the-western-front-part-ii-and-armistice/507338/#img10,Reuters / Collection Odette Carrez,https://cdn.theatlantic.com/assets/media/img/photo/2016/11/world-war-i-in-photos-the-western-f-1/w_10/main_1500.jpg?1479064170,True
img11,pt7/img11.jpg,https://theatlantic.com/photo/2014/04/world-war-i-in-photos-the-western-front-part-ii-and-armistice/507338/#img11,Library of Congress,https://cdn.theatlantic.com/assets/media/img/photo/2016/11/world-war-i-in-photos-the-western-f-1/w_11/main_1500.jpg?1479064170,True
img12,pt7/img12.jpg,https://theatlantic.com/photo/2014/04/world-war-i-in-photos-the-western-front-part-ii-and-armistice/507338/#img12,Frank Hurley / State Library of New South Wales,https://cdn.theatlantic.com/assets/media/img/photo/2016/11/world-war-i-in-photos-the-western-f-1/w_12/main_1500.jpg?1479064170,True
img13,pt7/img13.jpg,https://theatlantic.com/photo/2014/04/world-war-i-in-photos-the-western-front-part-ii-and-armistice/507338/#img13,AP,https://cdn.theatlantic.com/assets/media/img/photo/2016/11/world-war-i-in-photos-the-western-f-1/w_13/main_1500.jpg?1479064170,True
img14,pt7/img14.jpg,https://theatlantic.com/photo/2014/04/world-war-i-in-photos-the-western-front-part-ii-and-armistice/507338/#img14,National Archives / Official German Photograph,https://cdn.theatlantic.com/assets/media/img/photo/2016/11/world-war-i-in-photos-the-western-f-1/w_14/main_1500.jpg?1479064170,True
img15,pt7/img15.jpg,https://theatlantic.com/photo/2014/04/world-war-i-in-photos-the-western-front-part-ii-and-armistice/507338/#img15,National Archives / Official German Photograph,https://cdn.theatlantic.com/assets/media/img/photo/2016/11/world-war-i-in-photos-the-western-f-1/w_15/main_1500.jpg?1479064170,True
img16,pt7/img16.jpg,https://theatlantic.com/photo/2014/04/world-war-i-in-photos-the-western-front-part-ii-and-armistice/507338/#img16,AP,https://cdn.theatlantic.com/assets/media/img/photo/2016/11/world-war-i-in-photos-the-western-f-1/w_16/main_1500.jpg?1479064170,True
img17,pt7/img17.jpg,https://theatlantic.com/photo/2014/04/world-war-i-in-photos-the-western-front-part-ii-and-armistice/507338/#img17,AP,https://cdn.theatlantic.com/assets/media/img/photo/2016/11/world-war-i-in-photos-the-western-f-1/w_17/main_1500.jpg?1479064170,True
img18,pt7/img18.jpg,https://theatlantic.com/photo/2014/04/world-war-i-in-photos-the-western-front-part-ii-and-armistice/507338/#img18,AP,https://cdn.theatlantic.com/assets/media/img/photo/2016/11/world-war-i-in-photos-the-western-f-1/w_18/main_1500.jpg?1479064170,True
img19,pt7/img19.jpg,https://theatlantic.com/photo/2014/04/world-war-i-in-photos-the-western-front-part-ii-and-armistice/507338/#img19,Bibliotheque nationale de France,https://cdn.theatlantic.com/assets/media/img/photo/2016/11/world-war-i-in-photos-the-western-f-1/w_19/main_1500.jpg?1479064170,True
img20,pt7/img20.jpg,https://theatlantic.com/photo/2014/04/world-war-i-in-photos-the-western-front-part-ii-and-armistice/507338/#img20,National Archive / Official German Photograph of WWI,https://cdn.theatlantic.com/assets/media/img/photo/2016/11/world-war-i-in-photos-the-western-f-1/w_20/main_1500.jpg?1479064170,True
img21,pt7/img21.jpg,https://theatlantic.com/photo/2014/04/world-war-i-in-photos-the-western-front-part-ii-and-armistice/507338/#img21,Henry Armytage Sanders / National Library of New Zealand,https://cdn.theatlantic.com/assets/media/img/photo/2016/11/world-war-i-in-photos-the-western-f-1/w_21/main_1500.jpg?1479064170,True
img22,pt7/img22.jpg,https://theatlantic.com/photo/2014/04/world-war-i-in-photos-the-western-front-part-ii-and-armistice/507338/#img22,Brett Butterworth,https://cdn.theatlantic.com/assets/media/img/photo/2016/11/world-war-i-in-photos-the-western-f-1/w_22/main_1500.jpg?1479064170,True
img23,pt7/img23.jpg,https://theatlantic.com/photo/2014/04/world-war-i-in-photos-the-western-front-part-ii-and-armistice/507338/#img23,Brett Butterworth,https://cdn.theatlantic.com/assets/media/img/photo/2016/11/world-war-i-in-photos-the-western-f-1/w_23/main_1500.jpg?1479064170,True
img24,pt7/img24.jpg,https://theatlantic.com/photo/2014/04/world-war-i-in-photos-the-western-front-part-ii-and-armistice/507338/#img24,National Library of Scotland,https://cdn.theatlantic.com/assets/media/img/photo/2016/11/world-war-i-in-photos-the-western-f-1/w_24/main_1500.jpg?1479064170,True
img25,pt7/img25.jpg,https://theatlantic.com/photo/2014/04/world-war-i-in-photos-the-western-front-part-ii-and-armistice/507338/#img25,National Library of Scotland,https://cdn.theatlantic.com/assets/media/img/photo/2016/11/world-war-i-in-photos-the-western-f-1/w_25/main_1500.jpg?1479064170,True
img26,pt7/img26.jpg,https://theatlantic.com/photo/2014/04/world-war-i-in-photos-the-western-front-part-ii-and-armistice/507338/#img26,Bibliotheque nationale de France,https://cdn.theatlantic.com/assets/media/img/photo/2016/11/world-war-i-in-photos-the-western-f-1/w_26/main_1500.jpg?1479064170,True
img27,pt7/img27.jpg,https://theatlantic.com/photo/2014/04/world-war-i-in-photos-the-western-front-part-ii-and-armistice/507338/#img27,Bibliothwque nationale de France,https://cdn.theatlantic.com/assets/media/img/photo/2016/11/world-war-i-in-photos-the-western-f-1/w_27/main_1500.jpg?1479064170,True
img28,pt7/img28.jpg,https://theatlantic.com/photo/2014/04/world-war-i-in-photos-the-western-front-part-ii-and-armistice/507338/#img28,AP,https://cdn.theatlantic.com/assets/media/img/photo/2016/11/world-war-i-in-photos-the-western-f-1/w_28/main_1500.jpg?1479064170,True
img29,pt7/img29.jpg,https://theatlantic.com/photo/2014/04/world-war-i-in-photos-the-western-front-part-ii-and-armistice/507338/#img29,Canadian War Museum,https://cdn.theatlantic.com/assets/media/img/photo/2016/11/world-war-i-in-photos-the-western-f-1/w_29/main_1500.jpg?1479064170,True
img30,pt7/img30.jpg,https://theatlantic.com/photo/2014/04/world-war-i-in-photos-the-western-front-part-ii-and-armistice/507338/#img30,Der Weltkrieg im Bild / Upper Austrian Federal State Library,https://cdn.theatlantic.com/assets/media/img/photo/2016/11/world-war-i-in-photos-the-western-f-1/w_30/main_1500.jpg?1479064170,True
img31,pt7/img31.jpg,https://theatlantic.com/photo/2014/04/world-war-i-in-photos-the-western-front-part-ii-and-armistice/507338/#img31,National Archives,https://cdn.theatlantic.com/assets/media/img/photo/2016/11/world-war-i-in-photos-the-western-f-1/w_31/main_1500.jpg?1479064170,True
img32,pt7/img32.jpg,https://theatlantic.com/photo/2014/04/world-war-i-in-photos-the-western-front-part-ii-and-armistice/507338/#img32,Nationaal Archief,https://cdn.theatlantic.com/assets/media/img/photo/2016/11/world-war-i-in-photos-the-western-f-1/w_32/main_1500.jpg?1479064170,True
img33,pt7/img33.jpg,https://theatlantic.com/photo/2014/04/world-war-i-in-photos-the-western-front-part-ii-and-armistice/507338/#img33,San Diego Air and Space Museum,https://cdn.theatlantic.com/assets/media/img/photo/2016/11/world-war-i-in-photos-the-western-f-1/w_33/main_1500.jpg?1479064171,True
img34,pt7/img34.jpg,https://theatlantic.com/photo/2014/04/world-war-i-in-photos-the-western-front-part-ii-and-armistice/507338/#img34,Library of Congress,https://cdn.theatlantic.com/assets/media/img/photo/2016/11/world-war-i-in-photos-the-western-f-1/w_34/main_1500.jpg?1525271695,True
img35,pt7/img35.jpg,https://theatlantic.com/photo/2014/04/world-war-i-in-photos-the-western-front-part-ii-and-armistice/507338/#img35,National Library of New Zealand,https://cdn.theatlantic.com/assets/media/img/photo/2016/11/world-war-i-in-photos-the-western-f-1/w_35/main_1500.jpg?1479064171,True
img36,pt7/img36.jpg,https://theatlantic.com/photo/2014/04/world-war-i-in-photos-the-western-front-part-ii-and-armistice/507338/#img36,NARA / Sgt. J. A. Marshall / U.S. Army,https://cdn.theatlantic.com/assets/media/img/photo/2016/11/world-war-i-in-photos-the-western-f-1/w_36/main_1500.jpg?1479064171,True
img37,pt7/img37.jpg,https://theatlantic.com/photo/2014/04/world-war-i-in-photos-the-western-front-part-ii-and-armistice/507338/#img37,Frank Hurley / State Library of New South Wales,https://cdn.theatlantic.com/assets/media/img/photo/2016/11/world-war-i-in-photos-the-western-f-1/w_37/main_1500.jpg?1479064171,True
img38,pt7/img38.jpg,https://theatlantic.com/photo/2014/04/world-war-i-in-photos-the-western-front-part-ii-and-armistice/507338/#img38,State Library of Victoria,https://cdn.theatlantic.com/assets/media/img/photo/2016/11/world-war-i-in-photos-the-western-f-1/w_38/main_1500.jpg?1479064171,True
img39,pt7/img39.jpg,https://theatlantic.com/photo/2014/04/world-war-i-in-photos-the-western-front-part-ii-and-armistice/507338/#img39,Reuters / Collection Odette Carrez,https://cdn.theatlantic.com/assets/media/img/photo/2016/11/world-war-i-in-photos-the-western-f-1/w_39/main_1500.jpg?1479064171,True
img40,pt7/img40.jpg,https://theatlantic.com/photo/2014/04/world-war-i-in-photos-the-western-front-part-ii-and-armistice/507338/#img40,AP,https://cdn.theatlantic.com/assets/media/img/photo/2016/11/world-war-i-in-photos-the-western-f-1/w_40/main_1500.jpg?1479064171,True
img41,pt7/img41.jpg,https://theatlantic.com/photo/2014/04/world-war-i-in-photos-the-western-front-part-ii-and-armistice/507338/#img41,AP,https://cdn.theatlantic.com/assets/media/img/photo/2016/11/world-war-i-in-photos-the-western-f-1/w_41/main_1500.jpg?1479064171,True
img42,pt7/img42.jpg,https://theatlantic.com/photo/2014/04/world-war-i-in-photos-the-western-front-part-ii-and-armistice/507338/#img42,AP / U.S. Army Signal Corps,https://cdn.theatlantic.com/assets/media/img/photo/2016/11/world-war-i-in-photos-the-western-f-1/w_42/main_1500.jpg?1479064171,True
img43,pt7/img43.jpg,https://theatlantic.com/photo/2014/04/world-war-i-in-photos-the-western-front-part-ii-and-armistice/507338/#img43,NARA,https://cdn.theatlantic.com/assets/media/img/photo/2016/11/world-war-i-in-photos-the-western-f-1/w_43/main_1500.jpg?1479064171,True
img44,pt7/img44.jpg,https://theatlantic.com/photo/2014/04/world-war-i-in-photos-the-western-front-part-ii-and-armistice/507338/#img44,AP,https://cdn.theatlantic.com/assets/media/img/photo/2016/11/world-war-i-in-photos-the-western-f-1/w_44/main_1500.jpg?1479064171,True
img45,pt7/img45.jpg,https://theatlantic.com/photo/2014/04/world-war-i-in-photos-the-western-front-part-ii-and-armistice/507338/#img45,AP,https://cdn.theatlantic.com/assets/media/img/photo/2016/11/world-war-i-in-photos-the-western-f-1/w_45/main_1500.jpg?1479064171,True
